,Area,Per_Sqft,BHK_1,BHK_2,BHK_3,BHK_4,Bathroom_1,Bathroom_2,Bathroom_3,Bathroom_4,Status,Transaction,Type,Price
0,2700.0,22222.0,0.0,0.0,1.0,0.0,0.0,1.0,0.0,0.0,1,0,1,60000000
1,1850.0,8378.378378378378,0.0,1.0,0.0,0.0,1.0,0.0,0.0,0.0,1,1,0,15500000
2,1550.0,8516.129032258064,0.0,1.0,0.0,0.0,1.0,0.0,0.0,0.0,1,1,0,13200000
3,1470.0,9863.945578231293,0.0,1.0,0.0,0.0,1.0,0.0,0.0,0.0,1,1,0,14500000
4,1500.0,9933.333333333334,0.0,1.0,0.0,0.0,1.0,0.0,0.0,0.0,1,1,0,14900000
5,1380.0,10869.565217391304,0.0,1.0,0.0,0.0,1.0,0.0,0.0,0.0,1,1,0,15000000
6,1700.0,10117.64705882353,0.0,1.0,0.0,0.0,0.0,1.0,0.0,0.0,1,1,0,17200000
7,1450.0,9655.0,0.0,1.0,0.0,0.0,0.0,1.0,0.0,0.0,1,1,0,11600000
8,1350.0,7777.777777777777,0.0,0.0,1.0,0.0,0.0,0.0,1.0,0.0,1,1,0,10500000
9,35.0,19841.0,0.0,1.0,0.0,0.0,1.0,0.0,0.0,0.0,1,1,0,4950000
10,540.0,25512.0,1.0,0.0,0.0,0.0,0.0,0.0,0.0,0.0,1,0,1,3600000
11,1260.0,5556.0,0.0,1.0,0.0,0.0,1.0,0.0,0.0,0.0,1,1,1,7000000
12,675.0,5556.0,1.0,0.0,0.0,0.0,1.0,0.0,0.0,0.0,1,1,1,3100000
13,750.0,10320.0,1.0,0.0,0.0,0.0,1.0,0.0,0.0,0.0,1,1,1,3800000
14,900.0,16917.0,0.0,1.0,0.0,0.0,1.0,0.0,0.0,0.0,1,1,1,5500000
15,540.0,5000.0,1.0,0.0,0.0,0.0,1.0,0.0,0.0,0.0,1,0,0,3000000
16,1150.0,6347.0,1.0,0.0,0.0,0.0,1.0,0.0,0.0,0.0,1,1,0,7300000
17,1100.0,12500.0,1.0,0.0,0.0,0.0,1.0,0.0,0.0,0.0,1,1,0,15000000
18,450.0,12500.0,0.0,0.0,0.0,0.0,0.0,0.0,0.0,0.0,1,1,1,3000000
19,1400.0,12500.0,1.0,0.0,0.0,0.0,1.0,0.0,0.0,0.0,1,1,0,14000000
20,700.0,23571.428571428572,1.0,0.0,0.0,0.0,1.0,0.0,0.0,0.0,1,1,0,16500000
21,1500.0,17666.666666666668,0.0,1.0,0.0,0.0,0.0,1.0,0.0,0.0,1,0,0,26500000
22,1400.0,12500.0,0.0,1.0,0.0,0.0,1.0,0.0,0.0,0.0,1,1,0,19000000
23,1200.0,12500.0,1.0,0.0,0.0,0.0,1.0,0.0,0.0,0.0,1,1,0,17500000
24,1320.0,12500.0,0.0,1.0,0.0,0.0,1.0,0.0,0.0,0.0,1,1,0,15600000
25,1440.0,12500.0,0.0,1.0,0.0,0.0,0.0,1.0,0.0,0.0,1,1,0,19000000
26,1400.0,11538.0,0.0,1.0,0.0,0.0,0.0,1.0,0.0,0.0,1,1,0,19000000
27,900.0,14444.0,1.0,0.0,0.0,0.0,1.0,0.0,0.0,0.0,1,0,1,13000000
28,600.0,19166.666666666668,1.0,0.0,0.0,0.0,1.0,0.0,0.0,0.0,1,0,1,11500000
29,1170.0,8060.0,0.0,1.0,0.0,0.0,0.0,1.0,0.0,0.0,0,0,1,7200000
30,1500.0,8060.0,0.0,1.0,0.0,0.0,0.0,1.0,0.0,0.0,1,0,0,8400000
31,405.0,3778.0,0.0,0.0,0.0,0.0,0.0,0.0,0.0,0.0,1,1,0,1500000
32,1300.0,9655.0,0.0,1.0,0.0,0.0,1.0,0.0,0.0,0.0,1,1,0,9800000
33,1350.0,14074.0,0.0,1.0,0.0,0.0,1.0,0.0,0.0,0.0,1,1,1,19000000
34,630.0,65714.0,1.0,0.0,0.0,0.0,1.0,0.0,0.0,0.0,1,1,1,4600000
35,1800.0,11111.111111111111,0.0,1.0,0.0,0.0,0.0,1.0,0.0,0.0,1,0,0,20000000
36,968.7510000000001,15483.854984407757,1.0,0.0,0.0,0.0,1.0,0.0,0.0,0.0,1,1,0,15000000
37,825.0,4138.0,0.0,1.0,0.0,0.0,1.0,0.0,0.0,0.0,1,0,1,5990000
38,807.2925,14722.0,1.0,0.0,0.0,0.0,1.0,0.0,0.0,0.0,1,1,0,8600000
39,600.0,14818.0,1.0,0.0,0.0,0.0,1.0,0.0,0.0,0.0,1,1,1,4700000
40,540.0,14818.0,0.0,0.0,0.0,0.0,0.0,0.0,0.0,0.0,1,1,1,3000000
41,1300.0,25000.0,0.0,1.0,0.0,0.0,0.0,1.0,0.0,0.0,1,0,1,32500000
42,150.0,14818.0,1.0,0.0,0.0,0.0,0.0,0.0,0.0,0.0,1,1,0,2000000
43,880.0,14818.0,0.0,1.0,0.0,0.0,1.0,0.0,0.0,0.0,1,1,1,11000000
44,1250.0,20400.0,0.0,1.0,0.0,0.0,0.0,1.0,0.0,0.0,0,0,1,25500000
45,1600.0,3524.0,0.0,1.0,0.0,0.0,0.0,1.0,0.0,0.0,1,1,0,15600000
46,1600.0,9750.0,0.0,1.0,0.0,0.0,0.0,1.0,0.0,0.0,1,1,0,15600000
47,1200.0,3524.0,0.0,1.0,0.0,0.0,0.0,1.0,0.0,0.0,1,1,0,15500000
48,1200.0,24718.0,0.0,1.0,0.0,0.0,0.0,1.0,0.0,0.0,1,1,0,15500000
49,594.0,10943.0,1.0,0.0,0.0,0.0,0.0,0.0,0.0,0.0,1,1,0,6500000
50,1560.0,3524.0,0.0,1.0,0.0,0.0,1.0,0.0,0.0,0.0,1,1,0,15800000
51,1800.0,3524.0,0.0,0.0,1.0,0.0,0.0,1.0,0.0,0.0,1,1,0,19200000
52,750.0,6526.0,1.0,0.0,0.0,0.0,1.0,0.0,0.0,0.0,1,1,1,4500000
53,970.0,6701.030927835051,0.0,1.0,0.0,0.0,1.0,0.0,0.0,0.0,1,1,1,6500000
54,900.0,1667.0,1.0,0.0,0.0,0.0,1.0,0.0,0.0,0.0,1,1,1,1500000
55,66.0,24242.0,0.0,1.0,0.0,0.0,0.0,0.0,0.0,0.0,1,0,0,1600000
56,1500.0,9333.333333333334,0.0,1.0,0.0,0.0,0.0,1.0,0.0,0.0,1,1,0,14000000
57,1480.0,10675.675675675675,0.0,1.0,0.0,0.0,1.0,0.0,0.0,0.0,1,1,0,15800000
58,1600.0,9875.0,0.0,1.0,0.0,0.0,1.0,0.0,0.0,0.0,1,1,0,15800000
59,1550.0,10193.548387096775,0.0,1.0,0.0,0.0,1.0,0.0,0.0,0.0,1,1,0,15800000
60,312.0,112179.0,0.0,0.0,1.0,0.0,0.0,0.0,1.0,0.0,1,1,0,35000000
61,750.0,2778.0,0.0,1.0,0.0,0.0,1.0,0.0,0.0,0.0,1,1,1,2400000
62,450.0,25512.0,0.0,0.0,0.0,0.0,0.0,0.0,0.0,0.0,1,0,1,1700000
63,45.0,18750.0,0.0,0.0,1.0,0.0,0.0,1.0,0.0,0.0,1,0,1,5500000
64,550.0,2778.0,1.0,0.0,0.0,0.0,0.0,0.0,0.0,0.0,1,1,0,1600000
65,1332.0,14776.0,0.0,1.0,0.0,0.0,1.0,0.0,0.0,0.0,1,1,1,6540000
66,900.0,16667.0,1.0,0.0,0.0,0.0,1.0,0.0,0.0,0.0,1,1,1,15000000
67,464.0,15278.0,0.0,1.0,0.0,0.0,0.0,0.0,0.0,0.0,1,1,1,4200000
68,61.0,4270.0,0.0,1.0,0.0,0.0,0.0,1.0,0.0,0.0,1,1,0,4000000
69,450.0,3667.0,0.0,0.0,0.0,0.0,0.0,0.0,0.0,0.0,1,1,0,1650000
70,450.0,2500.0,1.0,0.0,0.0,0.0,1.0,0.0,0.0,0.0,1,1,1,4000000
71,729.0,3567.0,0.0,1.0,0.0,0.0,0.0,0.0,1.0,0.0,1,1,1,2600000
72,400.0,4000.0,0.0,0.0,0.0,0.0,0.0,0.0,0.0,0.0,1,1,1,2000000
73,75.0,40000.0,1.0,0.0,0.0,0.0,1.0,0.0,0.0,0.0,1,1,1,3000000
74,450.0,4444.0,0.0,0.0,0.0,0.0,0.0,0.0,0.0,0.0,1,1,1,2000000
75,900.0,4444.0,0.0,1.0,0.0,0.0,1.0,0.0,0.0,0.0,1,1,1,4000000
76,900.0,12222.222222222223,1.0,0.0,0.0,0.0,0.0,0.0,0.0,0.0,1,1,0,11000000
77,810.0,5555.555555555556,0.0,1.0,0.0,0.0,1.0,0.0,0.0,0.0,1,1,1,4500000
78,444.0,4000.0,1.0,0.0,0.0,0.0,1.0,0.0,0.0,0.0,1,1,0,2000000
79,100.0,43000.0,0.0,1.0,0.0,0.0,1.0,0.0,0.0,0.0,1,0,1,4300000
80,500.0,3300.0,1.0,0.0,0.0,0.0,1.0,0.0,0.0,0.0,1,1,0,1650000
81,270.0,5185.0,1.0,0.0,0.0,0.0,0.0,0.0,0.0,0.0,1,1,0,1400000
82,500.0,4000.0,1.0,0.0,0.0,0.0,0.0,0.0,0.0,0.0,1,1,1,2000000
83,666.0,5255.0,0.0,0.0,0.0,0.0,1.0,0.0,0.0,0.0,1,1,1,3500000
84,405.0,2500.0,1.0,0.0,0.0,0.0,0.0,1.0,0.0,0.0,1,1,1,6200000
85,450.0,72000.0,1.0,0.0,0.0,0.0,0.0,0.0,0.0,0.0,1,1,1,3600000
86,1500.0,10000.0,0.0,1.0,0.0,0.0,0.0,1.0,0.0,0.0,1,1,0,15000000
87,1400.0,10714.285714285714,0.0,1.0,0.0,0.0,1.0,0.0,0.0,0.0,1,1,0,15000000
88,2160.0,3524.0,0.0,0.0,1.0,0.0,0.0,1.0,0.0,0.0,1,1,0,21000000
89,1300.0,4138.0,0.0,1.0,0.0,0.0,0.0,1.0,0.0,0.0,1,0,1,4400000
90,1800.0,35000.0,0.0,1.0,0.0,0.0,0.0,0.0,1.0,0.0,0,0,0,63000000
91,950.0,7463.1578947368425,0.0,1.0,0.0,0.0,1.0,0.0,0.0,0.0,0,0,1,7090000
92,1500.0,4138.0,0.0,1.0,0.0,0.0,0.0,1.0,0.0,0.0,1,0,1,7000000
93,765.0,4138.0,1.0,0.0,0.0,0.0,1.0,0.0,0.0,0.0,1,0,1,2500000
94,900.0,4138.0,1.0,0.0,0.0,0.0,1.0,0.0,0.0,0.0,1,0,1,3500000
95,675.0,4148.148148148148,1.0,0.0,0.0,0.0,1.0,0.0,0.0,0.0,1,0,1,2800000
96,650.0,3846.153846153846,1.0,0.0,0.0,0.0,1.0,0.0,0.0,0.0,1,1,1,2500000
97,1500.0,4000.0,0.0,1.0,0.0,0.0,0.0,1.0,0.0,0.0,1,1,1,6000000
98,800.0,3750.0,1.0,0.0,0.0,0.0,1.0,0.0,0.0,0.0,1,0,1,3000000
99,800.0,5500.0,1.0,0.0,0.0,0.0,1.0,0.0,0.0,0.0,1,0,0,4400000
100,810.0,5555.555555555556,1.0,0.0,0.0,0.0,1.0,0.0,0.0,0.0,1,1,0,4500000
101,725.0,4138.0,1.0,0.0,0.0,0.0,1.0,0.0,0.0,0.0,1,1,0,3000000
102,950.0,7357.894736842105,0.0,1.0,0.0,0.0,1.0,0.0,0.0,0.0,0,0,1,6990000
103,900.0,4138.0,0.0,1.0,0.0,0.0,1.0,0.0,0.0,0.0,1,0,1,4900000
104,750.0,4138.0,1.0,0.0,0.0,0.0,1.0,0.0,0.0,0.0,1,0,1,3500000
105,950.0,4138.0,0.0,1.0,0.0,0.0,1.0,0.0,0.0,0.0,0,0,1,7020000
106,1750.0,4138.0,0.0,1.0,0.0,0.0,0.0,1.0,0.0,0.0,1,0,1,6500000
107,1800.0,4722.222222222223,0.0,0.0,1.0,0.0,0.0,0.0,1.0,0.0,1,0,1,8500000
108,700.0,4138.0,1.0,0.0,0.0,0.0,1.0,0.0,0.0,0.0,1,0,1,3000000
109,630.0,4444.444444444444,1.0,0.0,0.0,0.0,1.0,0.0,0.0,0.0,1,1,0,2800000
110,1800.0,6944.444444444444,0.0,0.0,1.0,0.0,0.0,0.0,1.0,0.0,1,1,1,12500000
111,1035.0,4138.0,0.0,1.0,0.0,0.0,0.0,1.0,0.0,0.0,1,0,1,4500000
112,500.0,4138.0,1.0,0.0,0.0,0.0,0.0,0.0,0.0,0.0,1,1,0,7000000
113,580.0,4138.0,0.0,0.0,0.0,0.0,0.0,0.0,0.0,0.0,1,0,1,1600000
114,1440.0,6878.0,0.0,1.0,0.0,0.0,0.0,1.0,0.0,0.0,1,0,1,22500000
115,1900.0,6878.0,0.0,1.0,0.0,0.0,0.0,0.0,1.0,0.0,1,0,1,28500000
116,875.0,12916.0,0.0,1.0,0.0,0.0,0.0,1.0,0.0,0.0,1,0,1,17500000
117,1200.0,12916.0,0.0,1.0,0.0,0.0,1.0,0.0,0.0,0.0,1,1,1,15500000
118,1200.0,12916.0,0.0,1.0,0.0,0.0,0.0,1.0,0.0,0.0,1,1,1,16500000
119,1800.0,6878.0,0.0,1.0,0.0,0.0,0.0,1.0,0.0,0.0,1,1,1,29000000
120,1050.0,12916.0,0.0,1.0,0.0,0.0,1.0,0.0,0.0,0.0,1,1,1,12500000
121,945.0,6878.0,1.0,0.0,0.0,0.0,0.0,0.0,0.0,0.0,1,1,0,6500000
122,1800.0,6878.0,0.0,0.0,1.0,0.0,0.0,0.0,1.0,0.0,1,0,1,40000000
123,2625.0,6878.0,0.0,0.0,1.0,0.0,0.0,0.0,0.0,1.0,1,0,1,60000000
124,1650.0,6878.0,0.0,1.0,0.0,0.0,0.0,1.0,0.0,0.0,1,0,1,35000000
125,1000.0,18333.0,1.0,0.0,0.0,0.0,1.0,0.0,0.0,0.0,1,1,0,7500000
126,1450.0,18333.0,0.0,1.0,0.0,0.0,0.0,1.0,0.0,0.0,1,1,1,22500000
127,1200.0,18333.0,0.0,1.0,0.0,0.0,0.0,1.0,0.0,0.0,1,0,1,22000000
128,1200.0,20938.0,0.0,1.0,0.0,0.0,0.0,1.0,0.0,0.0,1,0,1,22500000
129,1070.0,20938.0,1.0,0.0,0.0,0.0,0.0,1.0,0.0,0.0,1,0,1,18000000
130,1116.0,20938.0,0.0,1.0,0.0,0.0,0.0,1.0,0.0,0.0,1,1,1,14700000
131,1700.0,20938.0,0.0,1.0,0.0,0.0,0.0,1.0,0.0,0.0,1,0,1,47500000
132,2600.0,20938.0,0.0,0.0,1.0,0.0,0.0,0.0,0.0,1.0,1,0,1,62500000
133,2097.0,13829.279923700524,0.0,1.0,0.0,0.0,0.0,1.0,0.0,0.0,1,1,1,29000000
134,125.0,6878.0,0.0,1.0,0.0,0.0,0.0,1.0,0.0,0.0,1,0,1,11500000
135,1600.0,20938.0,0.0,1.0,0.0,0.0,0.0,1.0,0.0,0.0,1,0,1,33500000
136,990.0,12916.0,1.0,0.0,0.0,0.0,1.0,0.0,0.0,0.0,1,1,1,11500000
137,1200.0,18333.0,0.0,1.0,0.0,0.0,0.0,1.0,0.0,0.0,1,0,1,22200000
138,2430.0,18333.0,0.0,0.0,1.0,0.0,0.0,0.0,1.0,0.0,1,1,1,30000000
139,1400.0,3524.0,0.0,1.0,0.0,0.0,0.0,1.0,0.0,0.0,1,1,0,13500000
140,1525.0,3524.0,0.0,1.0,0.0,0.0,0.0,1.0,0.0,0.0,1,1,0,14200000
141,950.0,6667.0,1.0,0.0,0.0,0.0,1.0,0.0,0.0,0.0,1,1,0,15500000
142,2126.0,18344.0,0.0,1.0,0.0,0.0,0.0,1.0,0.0,0.0,1,1,0,39000000
143,1400.0,20967.0,1.0,0.0,0.0,0.0,0.0,1.0,0.0,0.0,1,1,0,28600000
144,2065.0,20581.0,0.0,1.0,0.0,0.0,0.0,0.0,1.0,0.0,1,1,0,42500000
145,2105.0,20558.0,0.0,1.0,0.0,0.0,0.0,1.0,0.0,0.0,1,1,0,42100000
146,2090.0,21052.0,0.0,1.0,0.0,0.0,0.0,0.0,1.0,0.0,1,1,0,44000000
147,2100.0,16333.0,0.0,1.0,0.0,0.0,0.0,0.0,1.0,0.0,1,1,0,34300000
148,1250.0,17197.0,1.0,0.0,0.0,0.0,0.0,1.0,0.0,0.0,1,1,0,29000000
149,1850.0,20270.0,0.0,1.0,0.0,0.0,0.0,1.0,0.0,0.0,1,1,0,37500000
150,2100.0,17619.0,0.0,1.0,0.0,0.0,0.0,1.0,0.0,0.0,1,1,0,37000000
151,2105.0,17197.0,0.0,1.0,0.0,0.0,0.0,1.0,0.0,0.0,1,1,0,36200000
152,1455.0,18900.0,1.0,0.0,0.0,0.0,1.0,0.0,0.0,0.0,1,1,0,27500000
153,1815.0,17906.0,0.0,1.0,0.0,0.0,0.0,1.0,0.0,0.0,1,1,0,32500000
154,2650.0,19811.0,0.0,0.0,1.0,0.0,0.0,0.0,0.0,1.0,1,1,0,52500000
155,1500.0,20558.0,0.0,1.0,0.0,0.0,0.0,1.0,0.0,0.0,1,1,0,35500000
156,1700.0,17619.0,0.0,1.0,0.0,0.0,0.0,0.0,1.0,0.0,1,1,0,40000000
157,1620.0,3524.0,0.0,1.0,0.0,0.0,1.0,0.0,0.0,0.0,1,1,0,14900000
158,1000.0,9200.0,0.0,1.0,0.0,0.0,1.0,0.0,0.0,0.0,1,1,0,9200000
159,1700.0,9200.0,0.0,1.0,0.0,0.0,1.0,0.0,0.0,0.0,1,1,0,17000000
160,1600.0,10625.0,0.0,1.0,0.0,0.0,1.0,0.0,0.0,0.0,1,1,0,17000000
161,1250.0,4444.0,1.0,0.0,0.0,0.0,0.0,0.0,0.0,0.0,1,1,0,7500000
162,900.0,4222.0,1.0,0.0,0.0,0.0,1.0,0.0,0.0,0.0,1,1,0,3800000
163,1600.0,14687.5,0.0,0.0,1.0,0.0,0.0,1.0,0.0,0.0,1,1,0,23500000
164,2077.4327,5051.0,0.0,0.0,0.0,0.0,0.0,0.0,0.0,0.0,1,1,1,1000000
165,350.0,5128.0,0.0,0.0,0.0,0.0,0.0,0.0,0.0,0.0,1,1,0,3000000
166,450.0,4889.0,0.0,0.0,0.0,0.0,0.0,0.0,0.0,0.0,1,1,0,2200000
167,452.0838,6636.0,1.0,0.0,0.0,0.0,0.0,0.0,0.0,0.0,1,1,0,3000000
168,350.0,9375.0,0.0,0.0,0.0,0.0,0.0,0.0,0.0,0.0,1,1,0,3000000
169,1150.0,11391.304347826086,1.0,0.0,0.0,0.0,1.0,0.0,0.0,0.0,1,1,0,13100000
170,1000.0,13000.0,1.0,0.0,0.0,0.0,1.0,0.0,0.0,0.0,1,1,0,13000000
171,1500.0,11333.333333333334,0.0,1.0,0.0,0.0,0.0,1.0,0.0,0.0,1,1,0,17000000
172,950.0,13368.421052631578,1.0,0.0,0.0,0.0,1.0,0.0,0.0,0.0,1,1,0,12700000
173,1500.0,9066.666666666666,0.0,1.0,0.0,0.0,1.0,0.0,0.0,0.0,1,1,0,13600000
174,1150.0,10869.565217391304,1.0,0.0,0.0,0.0,1.0,0.0,0.0,0.0,1,1,0,12500000
175,1150.0,11826.08695652174,1.0,0.0,0.0,0.0,1.0,0.0,0.0,0.0,1,1,0,13600000
176,950.0,11684.21052631579,1.0,0.0,0.0,0.0,1.0,0.0,0.0,0.0,1,1,0,11100000
177,1550.0,10451.612903225807,0.0,0.0,1.0,0.0,1.0,0.0,0.0,0.0,1,1,0,16200000
178,1050.0,12095.238095238095,1.0,0.0,0.0,0.0,1.0,0.0,0.0,0.0,1,1,0,12700000
179,1500.0,11866.666666666666,0.0,0.0,1.0,0.0,1.0,0.0,0.0,0.0,1,1,0,17800000
180,1400.0,12428.57142857143,0.0,0.0,1.0,0.0,1.0,0.0,0.0,0.0,1,1,0,17400000
181,1200.0,11250.0,0.0,1.0,0.0,0.0,1.0,0.0,0.0,0.0,1,1,0,13500000
182,1250.0,12800.0,0.0,1.0,0.0,0.0,1.0,0.0,0.0,0.0,1,1,0,16000000
183,950.0,13894.736842105263,1.0,0.0,0.0,0.0,1.0,0.0,0.0,0.0,1,1,0,13200000
184,1200.0,11250.0,0.0,1.0,0.0,0.0,0.0,1.0,0.0,0.0,1,1,0,13500000
185,1400.0,12714.285714285714,0.0,0.0,1.0,0.0,1.0,0.0,0.0,0.0,1,1,0,17800000
186,1350.0,10370.37037037037,0.0,1.0,0.0,0.0,0.0,1.0,0.0,0.0,1,1,0,14000000
187,1550.0,11290.322580645161,0.0,0.0,1.0,0.0,1.0,0.0,0.0,0.0,1,1,0,17500000
188,950.0,13578.947368421053,1.0,0.0,0.0,0.0,1.0,0.0,0.0,0.0,1,1,0,12900000
189,1300.0,13076.923076923076,0.0,1.0,0.0,0.0,1.0,0.0,0.0,0.0,1,1,0,17000000
190,750.0,6133.333333333333,0.0,0.0,0.0,0.0,0.0,0.0,0.0,0.0,1,1,0,4600000
191,1300.0,20833.0,0.0,1.0,0.0,0.0,0.0,1.0,0.0,0.0,1,1,0,21900000
192,1075.0,15500.0,1.0,0.0,0.0,0.0,1.0,0.0,0.0,0.0,1,0,0,12000000
193,650.0,15500.0,0.0,0.0,0.0,0.0,1.0,0.0,0.0,0.0,1,1,0,7400000
194,1000.0,20833.0,1.0,0.0,0.0,0.0,1.0,0.0,0.0,0.0,1,1,0,17500000
195,1600.0,11562.5,0.0,1.0,0.0,0.0,1.0,0.0,0.0,0.0,1,1,0,18500000
196,2000.0,15500.0,0.0,1.0,0.0,0.0,0.0,1.0,0.0,0.0,1,1,0,31000000
197,2000.0,18250.0,0.0,0.0,1.0,0.0,0.0,0.0,1.0,0.0,1,1,0,36500000
198,2200.0,10681.0,0.0,0.0,1.0,0.0,0.0,1.0,0.0,0.0,1,1,0,23500000
199,1450.0,15500.0,0.0,1.0,0.0,0.0,1.0,0.0,0.0,0.0,1,1,0,23500000
200,1200.0,16666.666666666668,0.0,1.0,0.0,0.0,1.0,0.0,0.0,0.0,1,1,0,20000000
201,1150.0,15384.0,1.0,0.0,0.0,0.0,1.0,0.0,0.0,0.0,1,1,0,10800000
202,1600.0,9875.0,0.0,0.0,1.0,0.0,1.0,0.0,0.0,0.0,1,1,0,15800000
203,1600.0,9687.5,0.0,0.0,1.0,0.0,1.0,0.0,0.0,0.0,1,1,0,15500000
204,360.0,5000.0,0.0,0.0,0.0,0.0,0.0,0.0,0.0,0.0,1,1,0,1800000
205,405.0,13827.160493827161,0.0,0.0,0.0,0.0,0.0,0.0,0.0,0.0,1,1,1,5600000
206,50.0,5128.0,0.0,0.0,0.0,0.0,0.0,0.0,0.0,0.0,1,0,0,3500000
207,390.0,5128.0,0.0,0.0,0.0,0.0,0.0,0.0,0.0,0.0,1,1,0,2000000
208,50.0,5051.0,0.0,0.0,0.0,0.0,0.0,0.0,0.0,0.0,1,0,0,3500000
209,379.0,4221.0,0.0,0.0,0.0,0.0,0.0,0.0,0.0,0.0,1,1,1,1600000
210,437.0,4270.0,0.0,0.0,0.0,0.0,0.0,0.0,0.0,0.0,1,0,0,3500000
211,350.0,5143.0,0.0,0.0,0.0,0.0,0.0,0.0,0.0,0.0,1,1,1,1800000
212,350.0,4571.0,0.0,0.0,0.0,0.0,0.0,0.0,0.0,0.0,1,1,0,1600000
213,210.0,5128.0,0.0,0.0,0.0,0.0,0.0,0.0,0.0,0.0,1,0,0,2000000
214,800.0,7875.0,0.0,1.0,0.0,0.0,1.0,0.0,0.0,0.0,1,1,0,6300000
215,405.0,14722.0,0.0,0.0,0.0,0.0,0.0,0.0,0.0,0.0,1,1,0,4500000
216,950.0,8761.0,1.0,0.0,0.0,0.0,1.0,0.0,0.0,0.0,1,1,0,12500000
217,1143.0,125984.0,1.0,0.0,0.0,0.0,1.0,0.0,0.0,0.0,1,1,0,16000000
218,1500.0,14092.0,0.0,1.0,0.0,0.0,0.0,1.0,0.0,0.0,1,1,0,16000000
219,1350.0,21818.0,0.0,1.0,0.0,0.0,1.0,0.0,0.0,0.0,1,0,0,24000000
220,350.0,12000.0,0.0,0.0,0.0,0.0,0.0,0.0,0.0,0.0,1,1,0,4200000
221,500.0,3600.0,0.0,0.0,0.0,0.0,0.0,0.0,0.0,0.0,1,1,0,1800000
222,1000.0,9500.0,0.0,1.0,0.0,0.0,0.0,1.0,0.0,0.0,1,1,0,9500000
223,750.0,8640.0,1.0,0.0,0.0,0.0,0.0,0.0,0.0,0.0,1,0,0,6500000
224,650.0,6526.0,1.0,0.0,0.0,0.0,1.0,0.0,0.0,0.0,1,1,0,5800000
225,2175.0,8889.0,0.0,0.0,1.0,0.0,0.0,0.0,1.0,0.0,1,1,0,44000000
226,1240.0,14516.129032258064,0.0,1.0,0.0,0.0,0.0,1.0,0.0,0.0,1,1,0,18000000
227,2282.0,8889.0,0.0,0.0,1.0,0.0,0.0,0.0,0.0,1.0,1,1,0,37500000
228,1250.0,12151.0,0.0,1.0,0.0,0.0,1.0,0.0,0.0,0.0,1,1,0,16000000
229,1590.0,8889.0,0.0,1.0,0.0,0.0,1.0,0.0,0.0,0.0,1,0,0,25000000
230,1450.0,10689.655172413793,0.0,1.0,0.0,0.0,0.0,1.0,0.0,0.0,1,0,0,15500000
231,1250.0,12000.0,1.0,0.0,0.0,0.0,1.0,0.0,0.0,0.0,1,1,0,15000000
232,2800.0,14285.0,0.0,0.0,1.0,0.0,0.0,0.0,1.0,0.0,1,1,0,40000000
233,1260.0,8889.0,0.0,1.0,0.0,0.0,0.0,1.0,0.0,0.0,1,1,0,25000000
234,1646.0,12151.0,0.0,1.0,0.0,0.0,0.0,1.0,0.0,0.0,1,1,0,20000000
235,1470.0,10838.0,0.0,1.0,0.0,0.0,1.0,0.0,0.0,0.0,1,0,0,14200000
236,1753.0,10838.0,0.0,1.0,0.0,0.0,0.0,1.0,0.0,0.0,1,1,0,19000000
237,2800.0,15178.0,0.0,0.0,1.0,0.0,0.0,0.0,0.0,1.0,1,1,0,42500000
238,2282.0,5806.0,0.0,0.0,1.0,0.0,0.0,0.0,0.0,1.0,1,1,0,38000000
239,1450.0,8889.0,0.0,1.0,0.0,0.0,0.0,1.0,0.0,0.0,1,0,0,15000000
240,2445.0,11905.0,0.0,0.0,1.0,0.0,0.0,0.0,1.0,0.0,1,1,0,52500000
241,1600.0,4138.0,0.0,1.0,0.0,0.0,0.0,0.0,1.0,0.0,0,0,0,60000000
242,810.0,11000.0,1.0,0.0,0.0,0.0,1.0,0.0,0.0,0.0,1,1,1,8910000
243,900.0,7222.222222222223,1.0,0.0,0.0,0.0,1.0,0.0,0.0,0.0,1,1,0,6500000
244,1214.0,10378.912685337726,1.0,0.0,0.0,0.0,1.0,0.0,0.0,0.0,1,1,0,12600000
245,1387.0,4247.0,0.0,0.0,1.0,0.0,0.0,0.0,1.0,0.0,1,0,0,5890000
246,650.0,6154.0,1.0,0.0,0.0,0.0,1.0,0.0,0.0,0.0,1,0,0,4000000
247,1200.0,15416.666666666666,1.0,0.0,0.0,0.0,1.0,0.0,0.0,0.0,1,1,0,18500000
248,1150.0,10000.0,1.0,0.0,0.0,0.0,0.0,1.0,0.0,0.0,1,1,0,16100000
249,1200.0,18000.0,1.0,0.0,0.0,0.0,1.0,0.0,0.0,0.0,1,1,0,16000000
250,1300.0,18000.0,0.0,1.0,0.0,0.0,1.0,0.0,0.0,0.0,1,1,0,13500000
251,720.0,9722.0,1.0,0.0,0.0,0.0,0.0,0.0,0.0,0.0,1,1,1,7000000
252,530.0,14776.0,0.0,0.0,1.0,0.0,0.0,0.0,0.0,0.0,1,1,0,6800000
253,535.0,7290.0,1.0,0.0,0.0,0.0,0.0,0.0,0.0,0.0,1,0,0,3900000
254,850.0,24718.0,1.0,0.0,0.0,0.0,1.0,0.0,0.0,0.0,0,0,0,2940000
255,1000.0,6700.0,1.0,0.0,0.0,0.0,1.0,0.0,0.0,0.0,1,1,0,6700000
256,650.0,10000.0,1.0,0.0,0.0,0.0,1.0,0.0,0.0,0.0,1,1,1,6500000
257,400.0,8750.0,0.0,0.0,0.0,0.0,0.0,0.0,0.0,0.0,1,1,0,3500000
258,500.0,5200.0,0.0,0.0,0.0,0.0,0.0,0.0,0.0,0.0,1,1,1,2600000
259,800.0,9375.0,1.0,0.0,0.0,0.0,1.0,0.0,0.0,0.0,1,1,0,7500000
260,450.0,7333.333333333333,0.0,0.0,0.0,0.0,0.0,0.0,0.0,0.0,1,1,0,3300000
261,900.0,12000.0,0.0,1.0,0.0,0.0,1.0,0.0,0.0,0.0,1,1,0,4800000
262,1800.0,8333.0,0.0,1.0,0.0,0.0,0.0,1.0,0.0,0.0,1,0,1,15000000
263,370.0,6486.0,0.0,0.0,0.0,0.0,0.0,0.0,0.0,0.0,1,1,1,2400000
264,460.0,8640.0,1.0,0.0,0.0,0.0,0.0,0.0,0.0,0.0,1,1,1,3300000
265,1076.39,8640.0,0.0,1.0,0.0,0.0,1.0,0.0,0.0,0.0,1,1,1,9300000
266,900.0,7666.0,1.0,0.0,0.0,0.0,1.0,0.0,0.0,0.0,1,1,1,6900000
267,405.0,9200.0,0.0,0.0,0.0,0.0,0.0,0.0,0.0,0.0,1,1,0,2500000
268,400.0,7666.0,0.0,0.0,0.0,0.0,0.0,0.0,0.0,0.0,1,1,1,3600000
269,900.0,7666.0,0.0,1.0,0.0,0.0,1.0,0.0,0.0,0.0,1,1,0,13500000
270,800.0,7500.0,1.0,0.0,0.0,0.0,1.0,0.0,0.0,0.0,1,1,1,6000000
271,800.0,9200.0,0.0,1.0,0.0,0.0,1.0,0.0,0.0,0.0,1,1,0,9030000
272,1080.0,8333.0,0.0,1.0,0.0,0.0,0.0,0.0,0.0,0.0,1,0,0,7000000
273,500.0,12000.0,1.0,0.0,0.0,0.0,0.0,0.0,0.0,0.0,1,1,0,5800000
274,430.556,9375.0,0.0,0.0,0.0,0.0,0.0,0.0,0.0,0.0,1,1,0,4300000
275,1450.0,5200.0,1.0,0.0,0.0,0.0,1.0,0.0,0.0,0.0,1,1,0,7000000
276,1500.0,8333.333333333334,0.0,0.0,1.0,0.0,0.0,0.0,0.0,0.0,1,1,0,12500000
277,1850.0,3524.0,0.0,1.0,0.0,0.0,0.0,0.0,1.0,0.0,1,1,0,24000000
278,450.0,5794.0,1.0,0.0,0.0,0.0,1.0,0.0,0.0,0.0,1,1,1,2900000
279,680.0,6111.0,0.0,1.0,0.0,0.0,1.0,0.0,0.0,0.0,1,0,1,3400000
280,500.0,6111.0,1.0,0.0,0.0,0.0,1.0,0.0,0.0,0.0,1,0,1,3200000
281,765.0,5794.0,0.0,1.0,0.0,0.0,1.0,0.0,0.0,0.0,1,1,1,3800000
282,1150.0,3524.0,0.0,1.0,0.0,0.0,1.0,0.0,0.0,0.0,1,0,1,6800000
283,400.0,3524.0,0.0,0.0,0.0,0.0,0.0,0.0,0.0,0.0,1,0,1,1850000
284,1800.0,3524.0,0.0,1.0,0.0,0.0,1.0,0.0,0.0,0.0,1,1,0,14800000
285,600.0,20833.0,0.0,0.0,0.0,0.0,1.0,0.0,0.0,0.0,1,0,0,7000000
286,1000.0,12000.0,0.0,1.0,0.0,0.0,1.0,0.0,0.0,0.0,1,1,0,12000000
287,2400.0,2235.0,0.0,0.0,1.0,0.0,0.0,0.0,1.0,0.0,1,0,0,70000000
288,2070.0,15459.0,0.0,1.0,0.0,0.0,0.0,1.0,0.0,0.0,1,0,1,37500000
289,1700.0,120000.0,0.0,1.0,0.0,0.0,0.0,1.0,0.0,0.0,1,0,1,38500000
290,2450.0,120000.0,0.0,0.0,1.0,0.0,0.0,0.0,1.0,0.0,1,0,1,70000000
291,2250.0,4444.0,0.0,1.0,0.0,0.0,1.0,0.0,0.0,0.0,1,1,0,10000000
292,540.0,58000.0,0.0,0.0,0.0,1.0,1.0,0.0,0.0,0.0,1,1,0,17000000
293,450.0,58000.0,1.0,0.0,0.0,0.0,1.0,0.0,0.0,0.0,1,1,0,2900000
294,1350.0,18519.0,0.0,1.0,0.0,0.0,0.0,1.0,0.0,0.0,1,1,0,25000000
295,1184.0,14358.0,1.0,0.0,0.0,0.0,1.0,0.0,0.0,0.0,1,1,0,17000000
296,1600.0,20833.0,0.0,1.0,0.0,0.0,1.0,0.0,0.0,0.0,1,1,0,25000000
297,1800.0,12500.0,0.0,1.0,0.0,0.0,0.0,1.0,0.0,0.0,1,1,0,22500000
298,760.0,6667.0,0.0,1.0,0.0,0.0,1.0,0.0,0.0,0.0,1,1,1,6000000
299,58.0,6667.0,1.0,0.0,0.0,0.0,0.0,0.0,0.0,0.0,1,1,0,3800000
300,100.0,6667.0,0.0,1.0,0.0,0.0,1.0,0.0,0.0,0.0,1,1,1,5500000
301,380.0,6667.0,0.0,0.0,0.0,0.0,0.0,0.0,0.0,0.0,1,1,1,2200000
302,3000.0,14888.0,0.0,0.0,1.0,0.0,0.0,0.0,1.0,0.0,1,0,1,67000000
303,2600.0,14888.0,0.0,0.0,1.0,0.0,0.0,0.0,0.0,1.0,1,0,1,52500000
304,2316.0,14888.0,0.0,1.0,0.0,0.0,0.0,0.0,1.0,0.0,1,1,1,100000000
305,2500.0,7200.0,0.0,0.0,1.0,0.0,0.0,0.0,0.0,1.0,1,0,1,62500000
306,2200.0,7200.0,0.0,0.0,1.0,0.0,0.0,0.0,0.0,1.0,1,0,1,65000000
307,2250.0,7200.0,0.0,0.0,1.0,0.0,0.0,0.0,1.0,0.0,1,0,1,57500000
308,2050.0,30487.80487804878,0.0,0.0,1.0,0.0,0.0,0.0,1.0,0.0,1,0,1,62500000
309,2750.0,27272.727272727272,0.0,0.0,1.0,0.0,0.0,0.0,0.0,1.0,0,0,1,75000000
310,3000.0,24833.333333333332,0.0,0.0,1.0,0.0,0.0,0.0,0.0,1.0,1,0,1,74500000
311,900.0,7333.333333333333,0.0,1.0,0.0,0.0,1.0,0.0,0.0,0.0,1,1,0,6600000
312,1350.0,10000.0,0.0,1.0,0.0,0.0,0.0,1.0,0.0,0.0,1,1,0,11000000
313,1500.0,16466.0,1.0,0.0,0.0,0.0,1.0,0.0,0.0,0.0,0,0,0,24700000
314,976.0,25512.0,1.0,0.0,0.0,0.0,1.0,0.0,0.0,0.0,0,0,0,24900000
315,1531.0,16917.0,1.0,0.0,0.0,0.0,1.0,0.0,0.0,0.0,0,0,0,25900000
316,1512.0,19841.0,1.0,0.0,0.0,0.0,1.0,0.0,0.0,0.0,0,0,0,30000000
317,976.0,25512.0,1.0,0.0,0.0,0.0,1.0,0.0,0.0,0.0,1,0,0,24900000
318,979.5149,30000.0,1.0,0.0,0.0,0.0,1.0,0.0,0.0,0.0,0,0,0,24800000
319,945.0,30000.0,1.0,0.0,0.0,0.0,1.0,0.0,0.0,0.0,0,0,0,24900000
320,976.0,30000.0,1.0,0.0,0.0,0.0,1.0,0.0,0.0,0.0,0,0,0,24900000
321,2518.7526,10320.0,0.0,0.0,1.0,0.0,0.0,0.0,0.0,1.0,0,0,0,68900000
322,1900.0,13157.894736842105,0.0,1.0,0.0,0.0,0.0,1.0,0.0,0.0,1,1,0,25000000
323,850.0,6526.0,0.0,1.0,0.0,0.0,1.0,0.0,0.0,0.0,1,1,1,4500000
324,1800.0,7777.777777777777,0.0,1.0,0.0,0.0,0.0,1.0,0.0,0.0,1,1,1,14000000
325,1000.0,8600.0,0.0,1.0,0.0,0.0,0.0,1.0,0.0,0.0,1,0,0,8600000
326,900.0,7777.777777777777,0.0,1.0,0.0,0.0,0.0,1.0,0.0,0.0,1,0,1,7000000
327,700.0,5428.571428571428,1.0,0.0,0.0,0.0,1.0,0.0,0.0,0.0,1,0,1,3800000
328,900.0,10000.0,0.0,1.0,0.0,0.0,0.0,1.0,0.0,0.0,1,0,1,6800000
329,720.0,18000.0,1.0,0.0,0.0,0.0,1.0,0.0,0.0,0.0,0,0,1,5500000
330,950.0,8421.052631578947,0.0,1.0,0.0,0.0,1.0,0.0,0.0,0.0,1,0,0,8000000
331,500.0,6600.0,1.0,0.0,0.0,0.0,1.0,0.0,0.0,0.0,1,0,1,3300000
332,720.0,6527.777777777777,1.0,0.0,0.0,0.0,1.0,0.0,0.0,0.0,1,1,1,4700000
333,1600.0,18750.0,0.0,1.0,0.0,0.0,0.0,1.0,0.0,0.0,1,0,1,30000000
334,2700.0,12500.0,0.0,0.0,1.0,0.0,0.0,0.0,1.0,0.0,1,1,1,36500000
335,1700.0,10700.0,0.0,1.0,0.0,0.0,1.0,0.0,0.0,0.0,1,1,0,16500000
336,1750.0,9828.57142857143,0.0,1.0,0.0,0.0,0.0,1.0,0.0,0.0,1,1,0,17200000
337,550.0,32000.0,1.0,0.0,0.0,0.0,1.0,0.0,0.0,0.0,1,0,1,3600000
338,270.0,11111.0,0.0,0.0,0.0,0.0,0.0,0.0,0.0,0.0,1,1,1,2300000
339,387.0,32000.0,0.0,0.0,0.0,0.0,1.0,0.0,0.0,0.0,1,0,1,1700000
340,2700.0,14722.0,0.0,0.0,1.0,0.0,0.0,1.0,0.0,0.0,1,1,1,42500000
341,800.0,10943.0,0.0,1.0,0.0,0.0,1.0,0.0,0.0,0.0,1,1,1,12000000
342,750.0,9800.0,1.0,0.0,0.0,0.0,0.0,0.0,0.0,0.0,1,1,0,7350000
343,1050.0,3901.0,0.0,1.0,0.0,0.0,1.0,0.0,0.0,0.0,1,1,0,9000000
344,1350.0,7037.037037037037,0.0,0.0,1.0,0.0,0.0,1.0,0.0,0.0,1,1,0,9500000
345,2066.0,30000.0,0.0,0.0,1.0,0.0,0.0,0.0,1.0,0.0,0,0,1,60000000
346,2800.0,25000.0,0.0,0.0,1.0,0.0,0.0,0.0,0.0,1.0,1,0,1,70000000
347,1800.0,30000.0,0.0,0.0,1.0,0.0,0.0,0.0,1.0,0.0,1,0,1,80000000
348,2300.0,17677.0,0.0,0.0,1.0,0.0,0.0,0.0,1.0,0.0,1,0,1,102500000
349,1800.0,24166.0,0.0,1.0,0.0,0.0,0.0,1.0,0.0,0.0,1,0,1,43500000
350,1800.0,18055.0,0.0,1.0,0.0,0.0,0.0,0.0,1.0,0.0,1,0,1,47000000
351,2520.0,18849.20634920635,0.0,1.0,0.0,0.0,0.0,1.0,0.0,0.0,1,0,1,47500000
352,1500.0,18055.0,0.0,1.0,0.0,0.0,0.0,0.0,1.0,0.0,1,1,1,45000000
353,1700.0,26470.58823529412,0.0,1.0,0.0,0.0,0.0,0.0,1.0,0.0,1,0,1,45000000
354,1750.0,170000.0,0.0,1.0,0.0,0.0,0.0,1.0,0.0,0.0,1,1,1,35000000
355,1600.0,18055.0,0.0,1.0,0.0,0.0,0.0,0.0,1.0,0.0,1,1,1,27500000
356,1200.0,18055.0,1.0,0.0,0.0,0.0,1.0,0.0,0.0,0.0,1,1,1,27500000
357,2400.0,25000.0,0.0,0.0,1.0,0.0,0.0,0.0,0.0,1.0,1,1,1,65000000
358,2100.0,17677.0,0.0,0.0,1.0,0.0,0.0,0.0,0.0,1.0,1,0,1,56000000
359,2250.0,18055.0,0.0,0.0,1.0,0.0,0.0,0.0,1.0,0.0,1,0,1,100000000
360,2050.0,30000.0,0.0,1.0,0.0,0.0,0.0,1.0,0.0,0.0,1,0,1,71000000
361,2700.0,37037.0,0.0,0.0,1.0,0.0,0.0,0.0,1.0,0.0,1,0,1,100000000
362,1050.0,10000.0,1.0,0.0,0.0,0.0,1.0,0.0,0.0,0.0,1,1,0,10000000
363,1650.0,10909.09090909091,0.0,1.0,0.0,0.0,0.0,1.0,0.0,0.0,1,1,0,18000000
364,50.0,8333.0,0.0,0.0,0.0,0.0,0.0,0.0,0.0,0.0,1,1,1,1500000
365,900.0,3444.0,1.0,0.0,0.0,0.0,1.0,0.0,0.0,0.0,1,1,1,3100000
366,360.0,4167.0,0.0,0.0,0.0,0.0,0.0,0.0,0.0,0.0,1,1,1,1500000
367,1400.0,3524.0,0.0,1.0,0.0,0.0,1.0,0.0,0.0,0.0,1,1,0,11400000
368,630.0,6508.0,1.0,0.0,0.0,0.0,1.0,0.0,0.0,0.0,1,0,0,4100000
369,2300.0,6714.0,0.0,0.0,1.0,0.0,0.0,0.0,1.0,0.0,1,0,1,24500000
370,2200.0,6714.0,0.0,0.0,1.0,0.0,0.0,0.0,1.0,0.0,1,0,1,23000000
371,450.0,6714.0,1.0,0.0,0.0,0.0,1.0,0.0,0.0,0.0,1,0,1,3800000
372,350.0,6714.0,0.0,0.0,0.0,0.0,0.0,0.0,0.0,0.0,1,0,1,2400000
373,700.0,6714.0,0.0,1.0,0.0,0.0,1.0,0.0,0.0,0.0,1,0,0,4700000
374,1295.0,6875.0,0.0,1.0,0.0,0.0,1.0,0.0,0.0,0.0,1,0,0,10000000
375,800.0,6875.0,0.0,1.0,0.0,0.0,1.0,0.0,0.0,0.0,1,0,0,5500000
376,300.0,6333.0,0.0,0.0,0.0,0.0,0.0,0.0,0.0,0.0,1,0,0,1900000
377,2500.0,6000.0,0.0,0.0,1.0,0.0,0.0,1.0,0.0,0.0,1,0,0,15000000
378,550.0,6364.0,1.0,0.0,0.0,0.0,1.0,0.0,0.0,0.0,1,0,0,3500000
379,1500.0,8000.0,0.0,1.0,0.0,0.0,1.0,0.0,0.0,0.0,1,0,0,12000000
380,1600.0,8438.0,0.0,1.0,0.0,0.0,0.0,1.0,0.0,0.0,1,0,0,13500000
381,680.0,6471.0,1.0,0.0,0.0,0.0,1.0,0.0,0.0,0.0,1,0,0,4400000
382,380.0,5789.0,0.0,0.0,0.0,0.0,0.0,0.0,0.0,0.0,1,0,0,2200000
383,445.0,7931.0,1.0,0.0,0.0,0.0,1.0,0.0,0.0,0.0,1,0,0,2800000
384,1450.0,7931.0,0.0,1.0,0.0,0.0,0.0,1.0,0.0,0.0,1,0,0,11500000
385,1600.0,8125.0,0.0,0.0,1.0,0.0,0.0,1.0,0.0,0.0,1,0,0,13000000
386,980.0,7449.0,0.0,1.0,0.0,0.0,1.0,0.0,0.0,0.0,1,0,0,7300000
387,350.0,5714.0,0.0,0.0,0.0,0.0,0.0,0.0,0.0,0.0,1,0,0,2000000
388,800.0,6875.0,1.0,0.0,0.0,0.0,1.0,0.0,0.0,0.0,1,0,0,5500000
389,720.0,6528.0,1.0,0.0,0.0,0.0,1.0,0.0,0.0,0.0,1,0,0,4700000
390,2800.0,6250.0,0.0,0.0,0.0,1.0,0.0,0.0,1.0,0.0,1,0,0,17500000
391,800.0,6714.0,0.0,1.0,0.0,0.0,1.0,0.0,0.0,0.0,1,0,1,5500000
392,1150.0,6714.0,0.0,1.0,0.0,0.0,1.0,0.0,0.0,0.0,1,0,1,10000000
393,720.0,6714.0,0.0,1.0,0.0,0.0,1.0,0.0,0.0,0.0,1,0,1,6500000
394,750.0,6667.0,1.0,0.0,0.0,0.0,1.0,0.0,0.0,0.0,1,0,0,5000000
395,850.0,6714.0,0.0,1.0,0.0,0.0,1.0,0.0,0.0,0.0,1,0,1,7000000
396,1305.0,4214.55938697318,0.0,0.0,1.0,0.0,0.0,1.0,0.0,0.0,0,0,1,5500000
397,1175.0,4255.31914893617,0.0,1.0,0.0,0.0,0.0,1.0,0.0,0.0,0,0,1,5000000
398,588.0,10320.0,1.0,0.0,0.0,0.0,1.0,0.0,0.0,0.0,1,0,0,1800000
399,2900.0,22222.0,0.0,0.0,0.0,1.0,0.0,0.0,0.0,1.0,0,0,1,51000000
400,850.0,12500.0,1.0,0.0,0.0,0.0,1.0,0.0,0.0,0.0,1,1,1,4500000
401,850.0,3901.0,1.0,0.0,0.0,0.0,1.0,0.0,0.0,0.0,1,1,1,4500000
402,750.0,12266.666666666666,1.0,0.0,0.0,0.0,1.0,0.0,0.0,0.0,1,1,1,9200000
403,1000.0,10700.0,1.0,0.0,0.0,0.0,1.0,0.0,0.0,0.0,1,1,0,10700000
404,1240.0,20930.0,0.0,1.0,0.0,0.0,0.0,1.0,0.0,0.0,1,0,1,26500000
405,1600.0,20833.0,0.0,1.0,0.0,0.0,0.0,1.0,0.0,0.0,1,1,1,22500000
406,3000.0,20930.0,0.0,0.0,1.0,0.0,0.0,0.0,0.0,1.0,1,0,1,65000000
407,2000.0,20930.0,0.0,0.0,1.0,0.0,0.0,0.0,1.0,0.0,1,1,1,38000000
408,2107.0,20930.0,0.0,0.0,1.0,0.0,0.0,0.0,1.0,0.0,1,0,0,51100000
409,1500.0,20833.0,0.0,1.0,0.0,0.0,0.0,1.0,0.0,0.0,1,0,1,40000000
410,2150.0,20930.0,0.0,0.0,1.0,0.0,0.0,0.0,1.0,0.0,1,0,1,45000000
411,2177.0,20833.0,0.0,0.0,1.0,0.0,0.0,0.0,0.0,1.0,1,0,1,51000000
412,2650.0,28301.88679245283,0.0,0.0,1.0,0.0,0.0,0.0,1.0,0.0,1,0,1,75000000
413,1000.0,20930.0,1.0,0.0,0.0,0.0,1.0,0.0,0.0,0.0,1,1,1,15000000
414,1150.0,20930.0,0.0,1.0,0.0,0.0,0.0,1.0,0.0,0.0,1,0,1,26000000
415,1200.0,20833.0,0.0,1.0,0.0,0.0,0.0,1.0,0.0,0.0,1,0,1,25000000
416,1350.0,19259.0,0.0,1.0,0.0,0.0,0.0,1.0,0.0,0.0,1,0,1,26000000
417,2799.0,15363.0,0.0,0.0,1.0,0.0,0.0,0.0,1.0,0.0,1,0,1,43000000
418,2799.0,23222.579492675955,0.0,0.0,1.0,0.0,0.0,0.0,1.0,0.0,1,0,1,65000000
419,1150.0,20930.0,0.0,1.0,0.0,0.0,0.0,1.0,0.0,0.0,1,0,1,25500000
420,900.0,11111.0,1.0,0.0,0.0,0.0,1.0,0.0,0.0,0.0,1,1,1,20000000
421,1440.0,20000.0,0.0,1.0,0.0,0.0,0.0,1.0,0.0,0.0,1,0,1,26000000
422,2200.0,20000.0,0.0,0.0,1.0,0.0,0.0,0.0,1.0,0.0,1,0,1,40000000
423,2200.0,20000.0,0.0,0.0,1.0,0.0,0.0,0.0,1.0,0.0,1,0,1,47500000
424,2200.0,21590.909090909092,0.0,0.0,1.0,0.0,0.0,0.0,1.0,0.0,1,0,1,47500000
425,1200.0,21409.0,0.0,1.0,0.0,0.0,1.0,0.0,0.0,0.0,1,1,1,17000000
426,2200.0,15459.0,0.0,0.0,1.0,0.0,0.0,0.0,1.0,0.0,1,1,1,50000000
427,810.0,18000.0,1.0,0.0,0.0,0.0,1.0,0.0,0.0,0.0,1,0,1,14000000
428,900.0,18000.0,1.0,0.0,0.0,0.0,1.0,0.0,0.0,0.0,1,1,1,9000000
429,1800.0,11666.666666666666,1.0,0.0,0.0,0.0,1.0,0.0,0.0,0.0,1,1,1,21000000
430,1260.0,13095.238095238095,0.0,1.0,0.0,0.0,0.0,1.0,0.0,0.0,1,1,1,16500000
431,900.0,16666.666666666668,1.0,0.0,0.0,0.0,1.0,0.0,0.0,0.0,1,1,0,15000000
432,1600.0,16250.0,0.0,1.0,0.0,0.0,0.0,1.0,0.0,0.0,1,1,1,26000000
433,1300.0,16153.846153846154,0.0,1.0,0.0,0.0,0.0,1.0,0.0,0.0,1,1,1,21000000
434,1050.0,10000.0,1.0,0.0,0.0,0.0,1.0,0.0,0.0,0.0,1,1,0,9000000
435,1070.0,10000.0,0.0,1.0,0.0,0.0,1.0,0.0,0.0,0.0,1,1,0,6800000
436,1000.0,18000.0,1.0,0.0,0.0,0.0,0.0,1.0,0.0,0.0,1,1,0,11000000
437,1000.0,18000.0,1.0,0.0,0.0,0.0,1.0,0.0,0.0,0.0,1,1,1,18000000
438,800.0,10000.0,1.0,0.0,0.0,0.0,1.0,0.0,0.0,0.0,1,1,1,8000000
439,1800.0,19444.0,0.0,0.0,1.0,0.0,0.0,1.0,0.0,0.0,1,1,1,35000000
440,468.0,8761.0,1.0,0.0,0.0,0.0,1.0,0.0,0.0,0.0,1,1,1,4100000
441,345.0,125984.0,0.0,0.0,0.0,0.0,0.0,0.0,0.0,0.0,1,1,1,5500000
442,1206.0,16584.0,0.0,1.0,0.0,0.0,0.0,1.0,0.0,0.0,1,1,1,20000000
443,1200.0,7290.0,0.0,1.0,0.0,0.0,1.0,0.0,0.0,0.0,1,1,1,14500000
444,675.0,14815.0,1.0,0.0,0.0,0.0,1.0,0.0,0.0,0.0,1,1,1,10000000
445,1280.0,14092.0,0.0,1.0,0.0,0.0,0.0,1.0,0.0,0.0,1,1,1,15000000
446,1600.0,8761.0,0.0,1.0,0.0,0.0,0.0,1.0,0.0,0.0,1,0,1,24000000
447,1500.0,3524.0,0.0,1.0,0.0,0.0,0.0,1.0,0.0,0.0,1,1,0,16000000
448,700.0,18750.0,1.0,0.0,0.0,0.0,1.0,0.0,0.0,0.0,1,0,1,2400000
449,900.0,14888.0,0.0,1.0,0.0,0.0,1.0,0.0,0.0,0.0,1,1,0,6200000
450,650.0,14888.0,0.0,1.0,0.0,0.0,1.0,0.0,0.0,0.0,1,1,1,4200000
451,805.0,6111.0,1.0,0.0,0.0,0.0,1.0,0.0,0.0,0.0,1,1,1,4000000
452,1000.0,21818.0,1.0,0.0,0.0,0.0,1.0,0.0,0.0,0.0,1,1,1,5000000
453,441.0,32000.0,1.0,0.0,0.0,0.0,0.0,0.0,0.0,0.0,1,1,0,3500000
454,400.0,6667.0,1.0,0.0,0.0,0.0,0.0,0.0,0.0,0.0,1,0,0,2500000
455,810.0,14818.0,1.0,0.0,0.0,0.0,1.0,0.0,0.0,0.0,1,1,1,8500000
456,900.0,14818.0,0.0,1.0,0.0,0.0,0.0,1.0,0.0,0.0,1,0,1,12500000
457,1500.0,3524.0,0.0,1.0,0.0,0.0,1.0,0.0,0.0,0.0,1,1,0,17400000
458,1500.0,22222.0,0.0,1.0,0.0,0.0,1.0,0.0,0.0,0.0,1,1,0,17400000
459,540.0,6111.0,1.0,0.0,0.0,0.0,1.0,0.0,0.0,0.0,1,0,0,3300000
460,1620.0,13889.0,0.0,1.0,0.0,0.0,0.0,1.0,0.0,0.0,1,0,1,24500000
461,1050.0,3524.0,1.0,0.0,0.0,0.0,1.0,0.0,0.0,0.0,1,1,0,10500000
462,1650.0,18181.81818181818,0.0,1.0,0.0,0.0,0.0,1.0,0.0,0.0,1,1,1,30000000
463,1280.0,9765.625,1.0,0.0,0.0,0.0,1.0,0.0,0.0,0.0,1,1,1,12500000
464,1350.0,18518.51851851852,0.0,1.0,0.0,0.0,0.0,0.0,1.0,0.0,1,1,0,25000000
465,900.0,15000.0,1.0,0.0,0.0,0.0,1.0,0.0,0.0,0.0,1,0,0,13500000
466,900.0,11666.666666666666,1.0,0.0,0.0,0.0,1.0,0.0,0.0,0.0,1,0,1,10500000
467,890.0,22000.0,1.0,0.0,0.0,0.0,1.0,0.0,0.0,0.0,1,1,1,8300000
468,900.0,22000.0,1.0,0.0,0.0,0.0,1.0,0.0,0.0,0.0,1,1,1,10000000
469,800.0,18750.0,1.0,0.0,0.0,0.0,1.0,0.0,0.0,0.0,1,0,1,15000000
470,850.0,13529.411764705883,1.0,0.0,0.0,0.0,1.0,0.0,0.0,0.0,1,1,1,11500000
471,1500.0,9000.0,0.0,0.0,0.0,0.0,1.0,0.0,0.0,0.0,1,1,0,13500000
472,1350.0,7000.0,0.0,1.0,0.0,0.0,0.0,1.0,0.0,0.0,1,0,1,25000000
473,1500.0,17333.333333333332,0.0,1.0,0.0,0.0,0.0,1.0,0.0,0.0,1,0,1,26000000
474,850.0,22000.0,1.0,0.0,0.0,0.0,1.0,0.0,0.0,0.0,1,1,1,14600000
475,1710.0,15204.678362573099,0.0,1.0,0.0,0.0,0.0,1.0,0.0,0.0,1,0,1,26000000
476,900.0,22000.0,1.0,0.0,0.0,0.0,1.0,0.0,0.0,0.0,1,0,1,15800000
477,750.0,7000.0,1.0,0.0,0.0,0.0,1.0,0.0,0.0,0.0,1,0,1,16500000
478,1350.0,9259.0,1.0,0.0,0.0,0.0,1.0,0.0,0.0,0.0,1,1,1,12500000
479,810.0,7000.0,1.0,0.0,0.0,0.0,1.0,0.0,0.0,0.0,1,0,1,15500000
480,1500.0,7000.0,0.0,1.0,0.0,0.0,0.0,1.0,0.0,0.0,1,0,1,26000000
481,1100.0,7000.0,1.0,0.0,0.0,0.0,0.0,1.0,0.0,0.0,1,0,1,22500000
482,900.0,7000.0,1.0,0.0,0.0,0.0,1.0,0.0,0.0,0.0,1,0,1,15800000
483,825.0,7000.0,1.0,0.0,0.0,0.0,1.0,0.0,0.0,0.0,1,0,1,15000000
484,875.0,7000.0,1.0,0.0,0.0,0.0,1.0,0.0,0.0,0.0,1,0,1,15000000
485,800.0,7000.0,1.0,0.0,0.0,0.0,1.0,0.0,0.0,0.0,1,0,1,14500000
486,1800.0,7000.0,0.0,1.0,0.0,0.0,0.0,1.0,0.0,0.0,1,0,1,28500000
487,900.0,7000.0,1.0,0.0,0.0,0.0,1.0,0.0,0.0,0.0,1,1,1,12500000
488,900.0,18507.0,1.0,0.0,0.0,0.0,1.0,0.0,0.0,0.0,1,1,1,11000000
489,800.0,17500.0,1.0,0.0,0.0,0.0,1.0,0.0,0.0,0.0,1,0,1,14000000
490,900.0,7000.0,1.0,0.0,0.0,0.0,1.0,0.0,0.0,0.0,1,0,1,13000000
491,900.0,18507.0,1.0,0.0,0.0,0.0,1.0,0.0,0.0,0.0,1,0,1,13400000
492,1350.0,18507.0,0.0,1.0,0.0,0.0,0.0,1.0,0.0,0.0,1,1,1,22000000
493,900.0,7000.0,1.0,0.0,0.0,0.0,1.0,0.0,0.0,0.0,1,1,1,11000000
494,1675.0,18507.0,0.0,1.0,0.0,0.0,0.0,1.0,0.0,0.0,1,0,1,31000000
495,1575.0,9259.0,0.0,1.0,0.0,0.0,0.0,1.0,0.0,0.0,1,0,1,25500000
496,1500.0,9259.0,0.0,1.0,0.0,0.0,0.0,1.0,0.0,0.0,1,0,1,26000000
497,850.0,9259.0,1.0,0.0,0.0,0.0,1.0,0.0,0.0,0.0,1,1,1,14600000
498,1350.0,7000.0,0.0,1.0,0.0,0.0,0.0,1.0,0.0,0.0,1,0,1,26000000
499,900.0,7000.0,1.0,0.0,0.0,0.0,1.0,0.0,0.0,0.0,1,0,1,10300000
500,1800.0,18507.0,0.0,1.0,0.0,0.0,0.0,1.0,0.0,0.0,0,0,1,35000000
501,2880.0,15972.0,0.0,0.0,1.0,0.0,0.0,0.0,0.0,1.0,1,0,1,46000000
502,1400.0,183333.0,0.0,1.0,0.0,0.0,0.0,1.0,0.0,0.0,1,1,1,24500000
503,2925.0,22000.0,0.0,0.0,1.0,0.0,0.0,0.0,1.0,0.0,1,0,1,57500000
504,1600.0,22000.0,0.0,1.0,0.0,0.0,0.0,1.0,0.0,0.0,1,0,1,30000000
505,2700.0,183333.0,0.0,0.0,1.0,0.0,0.0,0.0,1.0,0.0,1,1,1,55000000
506,1500.0,26666.0,0.0,1.0,0.0,0.0,0.0,1.0,0.0,0.0,1,1,1,40000000
507,1710.0,17543.859649122805,0.0,1.0,0.0,0.0,0.0,1.0,0.0,0.0,1,1,1,30000000
508,1710.0,14502.923976608186,0.0,1.0,0.0,0.0,0.0,1.0,0.0,0.0,1,1,1,24800000
509,1350.0,30740.74074074074,0.0,1.0,0.0,0.0,0.0,1.0,0.0,0.0,1,0,1,41500000
510,2200.0,13636.363636363636,0.0,1.0,0.0,0.0,0.0,1.0,0.0,0.0,1,1,1,30000000
511,1500.0,21000.0,0.0,1.0,0.0,0.0,0.0,1.0,0.0,0.0,1,1,1,31500000
512,1600.0,18750.0,0.0,1.0,0.0,0.0,0.0,1.0,0.0,0.0,1,0,1,30000000
513,1500.0,22000.0,0.0,1.0,0.0,0.0,0.0,1.0,0.0,0.0,1,1,1,31500000
514,2925.0,19658.119658119656,0.0,0.0,1.0,0.0,0.0,0.0,1.0,0.0,1,0,1,57500000
515,1260.0,16666.666666666668,0.0,1.0,0.0,0.0,0.0,1.0,0.0,0.0,1,1,1,21000000
516,1700.0,16176.0,0.0,1.0,0.0,0.0,0.0,1.0,0.0,0.0,1,1,1,27500000
517,1450.0,25862.068965517243,0.0,1.0,0.0,0.0,0.0,1.0,0.0,0.0,1,0,1,37500000
518,900.0,9888.888888888889,0.0,0.0,0.0,0.0,0.0,0.0,0.0,0.0,1,1,1,8900000
519,1350.0,25925.925925925927,0.0,1.0,0.0,0.0,0.0,1.0,0.0,0.0,1,1,1,35000000
520,1450.0,16176.0,0.0,1.0,0.0,0.0,0.0,1.0,0.0,0.0,1,0,1,45000000
521,1260.0,16666.666666666668,0.0,1.0,0.0,0.0,0.0,1.0,0.0,0.0,1,1,1,21000000
522,1600.0,20000.0,0.0,1.0,0.0,0.0,0.0,1.0,0.0,0.0,1,1,1,26000000
523,1700.0,20000.0,0.0,1.0,0.0,0.0,0.0,1.0,0.0,0.0,1,1,1,19000000
524,1000.0,20000.0,1.0,0.0,0.0,0.0,1.0,0.0,0.0,0.0,1,1,0,20000000
525,1700.0,15556.0,0.0,1.0,0.0,0.0,0.0,1.0,0.0,0.0,1,1,1,28000000
526,1400.0,183333.0,0.0,1.0,0.0,0.0,0.0,1.0,0.0,0.0,1,0,1,32500000
527,1350.0,15556.0,0.0,1.0,0.0,0.0,0.0,1.0,0.0,0.0,1,1,1,21000000
528,1600.0,15556.0,0.0,1.0,0.0,0.0,0.0,1.0,0.0,0.0,1,1,1,29500000
529,1450.0,20689.655172413793,0.0,1.0,0.0,0.0,0.0,1.0,0.0,0.0,1,0,1,30000000
530,1800.0,183333.0,0.0,1.0,0.0,0.0,0.0,1.0,0.0,0.0,1,1,0,24500000
531,1350.0,15556.0,0.0,1.0,0.0,0.0,0.0,1.0,0.0,0.0,1,1,1,21000000
532,1400.0,16176.0,0.0,1.0,0.0,0.0,0.0,1.0,0.0,0.0,1,0,1,32500000
533,750.0,18133.333333333332,1.0,0.0,0.0,0.0,1.0,0.0,0.0,0.0,1,0,1,13600000
534,1130.0,6902.654867256637,1.0,0.0,0.0,0.0,1.0,0.0,0.0,0.0,1,1,1,7800000
535,450.0,32000.0,1.0,0.0,0.0,0.0,0.0,0.0,0.0,0.0,1,1,0,2500000
536,800.0,32000.0,0.0,1.0,0.0,0.0,1.0,0.0,0.0,0.0,1,1,1,5400000
537,810.0,11111.0,0.0,1.0,0.0,0.0,1.0,0.0,0.0,0.0,1,1,1,9000000
538,1000.0,6667.0,1.0,0.0,0.0,0.0,1.0,0.0,0.0,0.0,1,1,0,7500000
539,990.0,4040.0,0.0,1.0,0.0,0.0,1.0,0.0,0.0,0.0,1,1,0,4000000
540,420.0,4040.0,1.0,0.0,0.0,0.0,0.0,0.0,0.0,0.0,1,0,1,2600000
541,450.0,7778.0,1.0,0.0,0.0,0.0,0.0,0.0,0.0,0.0,1,1,1,3500000
542,1000.0,7778.0,1.0,0.0,0.0,0.0,1.0,0.0,0.0,0.0,1,1,0,7500000
543,900.0,7778.0,0.0,1.0,0.0,0.0,1.0,0.0,0.0,0.0,1,1,1,7000000
544,800.0,7778.0,0.0,1.0,0.0,0.0,1.0,0.0,0.0,0.0,1,0,1,4500000
545,900.0,11111.0,0.0,1.0,0.0,0.0,1.0,0.0,0.0,0.0,1,1,1,6000000
546,720.0,7778.0,0.0,1.0,0.0,0.0,0.0,1.0,0.0,0.0,1,1,1,5500000
547,801.0,7490.63670411985,0.0,1.0,0.0,0.0,1.0,0.0,0.0,0.0,1,0,1,6000000
548,450.0,7778.0,1.0,0.0,0.0,0.0,0.0,0.0,0.0,0.0,1,0,1,2700000
549,675.0,32000.0,1.0,0.0,0.0,0.0,1.0,0.0,0.0,0.0,1,1,1,2400000
550,1700.0,32000.0,0.0,0.0,1.0,0.0,0.0,1.0,0.0,0.0,1,0,1,11500000
551,1000.0,6500.0,0.0,1.0,0.0,0.0,1.0,0.0,0.0,0.0,1,1,0,6500000
552,900.0,32000.0,0.0,0.0,1.0,0.0,1.0,0.0,0.0,0.0,1,1,1,6600000
553,500.0,32000.0,1.0,0.0,0.0,0.0,0.0,0.0,0.0,0.0,1,1,1,3700000
554,1000.0,5000.0,1.0,0.0,0.0,0.0,1.0,0.0,0.0,0.0,1,0,0,5000000
555,540.0,11667.0,1.0,0.0,0.0,0.0,0.0,0.0,0.0,0.0,1,1,1,3500000
556,715.0,5666.0,1.0,0.0,0.0,0.0,1.0,0.0,0.0,0.0,1,1,0,5600000
557,600.0,11667.0,1.0,0.0,0.0,0.0,1.0,0.0,0.0,0.0,1,1,1,7000000
558,1000.0,11111.0,0.0,1.0,0.0,0.0,1.0,0.0,0.0,0.0,1,1,0,6000000
559,450.0,6000.0,0.0,0.0,0.0,0.0,1.0,0.0,0.0,0.0,1,1,1,2700000
560,1000.0,5666.0,0.0,1.0,0.0,0.0,0.0,1.0,0.0,0.0,1,1,1,12500000
561,450.0,5666.0,1.0,0.0,0.0,0.0,1.0,0.0,0.0,0.0,1,0,1,2550000
562,700.0,3524.0,1.0,0.0,0.0,0.0,0.0,0.0,0.0,0.0,0,0,0,2400000
563,1350.0,3800.0,0.0,1.0,0.0,0.0,1.0,0.0,0.0,0.0,1,0,0,5130000
564,2500.0,120000.0,0.0,1.0,0.0,0.0,0.0,1.0,0.0,0.0,1,1,0,50000000
565,810.0,42222.0,0.0,1.0,0.0,0.0,1.0,0.0,0.0,0.0,1,1,1,3800000
566,770.0,4922.0,1.0,0.0,0.0,0.0,1.0,0.0,0.0,0.0,1,0,1,3790000
567,800.0,5500.0,0.0,1.0,0.0,0.0,1.0,0.0,0.0,0.0,1,0,1,4400000
568,810.0,4922.0,0.0,1.0,0.0,0.0,1.0,0.0,0.0,0.0,1,0,0,4200000
569,1100.0,5909.090909090909,0.0,1.0,0.0,0.0,1.0,0.0,0.0,0.0,1,0,0,6500000
570,600.0,5000.0,1.0,0.0,0.0,0.0,1.0,0.0,0.0,0.0,1,0,0,3000000
571,430.0,3778.0,0.0,0.0,0.0,0.0,0.0,0.0,0.0,0.0,1,0,1,1850000
572,550.0,3778.0,1.0,0.0,0.0,0.0,1.0,0.0,0.0,0.0,1,1,1,2300000
573,820.0,42222.0,0.0,1.0,0.0,0.0,1.0,0.0,0.0,0.0,1,1,1,5200000
574,710.0,4922.0,1.0,0.0,0.0,0.0,1.0,0.0,0.0,0.0,1,1,0,2900000
575,1000.0,6200.0,0.0,1.0,0.0,0.0,1.0,0.0,0.0,0.0,1,1,1,6200000
576,950.0,6315.789473684211,0.0,1.0,0.0,0.0,1.0,0.0,0.0,0.0,1,0,1,6000000
577,855.0,5614.035087719299,0.0,1.0,0.0,0.0,1.0,0.0,0.0,0.0,1,1,0,4800000
578,990.0,7272.727272727273,0.0,0.0,1.0,0.0,0.0,1.0,0.0,0.0,0,0,1,7200000
579,450.0,5555.555555555556,0.0,0.0,0.0,0.0,0.0,0.0,0.0,0.0,1,0,1,2500000
580,950.0,4922.0,0.0,1.0,0.0,0.0,1.0,0.0,0.0,0.0,1,1,1,5000000
581,450.0,4922.0,0.0,0.0,0.0,0.0,0.0,0.0,0.0,0.0,1,0,1,2100000
582,500.0,4922.0,1.0,0.0,0.0,0.0,1.0,0.0,0.0,0.0,1,1,0,3200000
583,600.0,4922.0,1.0,0.0,0.0,0.0,0.0,0.0,0.0,0.0,1,1,0,3000000
584,420.0,4922.0,0.0,0.0,0.0,0.0,0.0,0.0,0.0,0.0,1,1,1,2300000
585,900.0,6556.0,0.0,1.0,0.0,0.0,1.0,0.0,0.0,0.0,0,0,1,5900000
586,1100.0,6818.181818181818,0.0,1.0,0.0,0.0,1.0,0.0,0.0,0.0,1,0,1,7500000
587,945.0,5820.0,0.0,1.0,0.0,0.0,1.0,0.0,0.0,0.0,1,1,0,5500000
588,720.0,42222.0,0.0,1.0,0.0,0.0,1.0,0.0,0.0,0.0,1,1,1,4500000
589,527.0,6641.366223908918,1.0,0.0,0.0,0.0,1.0,0.0,0.0,0.0,1,1,1,3500000
590,1000.0,6500.0,1.0,0.0,0.0,0.0,1.0,0.0,0.0,0.0,1,1,1,6500000
591,450.0,3778.0,1.0,0.0,0.0,0.0,0.0,0.0,0.0,0.0,1,1,0,1700000
592,459.0,43137.0,1.0,0.0,0.0,0.0,1.0,0.0,0.0,0.0,1,1,1,2200000
593,565.0,5820.0,1.0,0.0,0.0,0.0,1.0,0.0,0.0,0.0,1,1,1,3500000
594,1200.0,9655.0,0.0,1.0,0.0,0.0,1.0,0.0,0.0,0.0,1,1,0,12500000
595,850.0,14888.0,1.0,0.0,0.0,0.0,1.0,0.0,0.0,0.0,1,1,1,8500000
596,750.0,17333.333333333332,1.0,0.0,0.0,0.0,1.0,0.0,0.0,0.0,0,0,1,13000000
597,1290.0,7200.0,0.0,1.0,0.0,0.0,1.0,0.0,0.0,0.0,1,1,1,20000000
598,1300.0,7200.0,0.0,1.0,0.0,0.0,0.0,1.0,0.0,0.0,1,1,1,10000000
599,1125.0,7200.0,1.0,0.0,0.0,0.0,1.0,0.0,0.0,0.0,1,1,1,8100000
600,2000.0,14888.0,0.0,0.0,1.0,0.0,0.0,0.0,1.0,0.0,1,0,1,36000000
601,1500.0,14888.0,1.0,0.0,0.0,0.0,1.0,0.0,0.0,0.0,1,0,1,13000000
602,500.0,14888.0,0.0,0.0,0.0,0.0,0.0,0.0,0.0,0.0,1,1,0,2300000
603,100.0,14888.0,0.0,1.0,0.0,0.0,1.0,0.0,0.0,0.0,1,1,1,17000000
604,700.0,14888.0,1.0,0.0,0.0,0.0,1.0,0.0,0.0,0.0,1,1,0,9000000
605,550.0,14888.0,1.0,0.0,0.0,0.0,1.0,0.0,0.0,0.0,1,1,1,10700000
606,800.0,14888.0,1.0,0.0,0.0,0.0,1.0,0.0,0.0,0.0,1,0,1,12000000
607,750.0,14888.0,1.0,0.0,0.0,0.0,1.0,0.0,0.0,0.0,0,0,1,11500000
608,900.0,14888.0,1.0,0.0,0.0,0.0,0.0,1.0,0.0,0.0,1,1,1,12500000
609,1550.0,18000.0,0.0,1.0,0.0,0.0,0.0,1.0,0.0,0.0,1,1,1,27500000
610,900.0,10000.0,1.0,0.0,0.0,0.0,1.0,0.0,0.0,0.0,1,1,0,9000000
611,1600.0,12500.0,0.0,0.0,1.0,0.0,0.0,1.0,0.0,0.0,1,1,0,20000000
612,765.0,4837.0,0.0,1.0,0.0,0.0,1.0,0.0,0.0,0.0,1,1,1,3700000
613,900.0,3714.0,0.0,1.0,0.0,0.0,1.0,0.0,0.0,0.0,1,1,1,9000000
614,1200.0,8333.0,1.0,0.0,0.0,0.0,1.0,0.0,0.0,0.0,1,1,0,10000000
615,1000.0,7000.0,0.0,1.0,0.0,0.0,1.0,0.0,0.0,0.0,1,0,1,7000000
616,1350.0,6526.0,0.0,0.0,1.0,0.0,0.0,1.0,0.0,0.0,1,0,1,11300000
617,1300.0,3901.0,0.0,0.0,1.0,0.0,0.0,1.0,0.0,0.0,1,0,1,11500000
618,360.0,6526.0,1.0,0.0,0.0,0.0,0.0,0.0,0.0,0.0,1,0,1,1550000
619,850.0,6154.0,1.0,0.0,0.0,0.0,1.0,0.0,0.0,0.0,1,1,0,11000000
620,1800.0,3524.0,0.0,0.0,1.0,0.0,1.0,0.0,0.0,0.0,1,1,0,16500000
621,405.0,3703.703703703704,0.0,0.0,0.0,0.0,0.0,0.0,0.0,0.0,1,0,0,1500000
622,675.0,3259.0,1.0,0.0,0.0,0.0,0.0,0.0,0.0,0.0,1,1,1,2200000
623,850.0,3294.0,1.0,0.0,0.0,0.0,1.0,0.0,0.0,0.0,1,1,0,2800000
624,800.0,3294.0,0.0,1.0,0.0,0.0,0.0,1.0,0.0,0.0,1,1,0,4500000
625,405.0,3294.0,0.0,0.0,0.0,0.0,0.0,0.0,0.0,0.0,1,1,0,1800000
626,1350.0,3294.0,0.0,1.0,0.0,0.0,0.0,1.0,0.0,0.0,1,0,1,8500000
627,1350.0,3294.0,0.0,1.0,0.0,0.0,0.0,1.0,0.0,0.0,1,0,0,8500000
628,450.0,3294.0,0.0,0.0,0.0,0.0,0.0,0.0,0.0,0.0,1,0,1,1700000
629,1050.0,3294.0,0.0,1.0,0.0,0.0,1.0,0.0,0.0,0.0,1,0,1,5600000
630,1675.0,8060.0,0.0,0.0,1.0,0.0,0.0,1.0,0.0,0.0,1,1,1,13500000
631,500.0,4200.0,0.0,0.0,0.0,0.0,1.0,0.0,0.0,0.0,1,1,0,2100000
632,1350.0,8060.0,0.0,1.0,0.0,0.0,0.0,1.0,0.0,0.0,1,0,0,8500000
633,650.0,4230.7692307692305,1.0,0.0,0.0,0.0,1.0,0.0,0.0,0.0,1,1,0,2750000
634,540.0,3148.0,0.0,0.0,0.0,0.0,0.0,0.0,0.0,0.0,1,1,1,1700000
635,1044.0983,3148.0,0.0,1.0,0.0,0.0,1.0,0.0,0.0,0.0,1,1,1,6000000
636,405.0,3148.0,0.0,0.0,0.0,0.0,0.0,0.0,0.0,0.0,1,1,0,1600000
637,450.0,3778.0,0.0,0.0,0.0,0.0,0.0,0.0,0.0,0.0,1,1,0,1700000
638,405.0,2963.0,0.0,0.0,0.0,0.0,0.0,0.0,0.0,0.0,1,1,1,1200000
639,173.0,3667.0,1.0,0.0,0.0,0.0,1.0,0.0,0.0,0.0,1,1,1,3500000
640,1100.0,7727.0,0.0,1.0,0.0,0.0,1.0,0.0,0.0,0.0,1,1,1,8500000
641,600.0,5333.0,1.0,0.0,0.0,0.0,1.0,0.0,0.0,0.0,1,1,1,3200000
642,1080.0,8060.0,0.0,1.0,0.0,0.0,0.0,1.0,0.0,0.0,1,0,0,6000000
643,855.0,4678.0,1.0,0.0,0.0,0.0,1.0,0.0,0.0,0.0,1,1,1,4000000
644,1250.0,8060.0,0.0,1.0,0.0,0.0,0.0,1.0,0.0,0.0,0,0,1,8500000
645,1250.0,8060.0,0.0,1.0,0.0,0.0,1.0,0.0,0.0,0.0,1,1,0,6500000
646,1300.0,3294.0,0.0,1.0,0.0,0.0,0.0,1.0,0.0,0.0,1,0,1,7000000
647,3000.0,28846.0,0.0,0.0,1.0,0.0,0.0,0.0,0.0,1.0,1,0,1,75000000
648,2152.78,14722.0,0.0,1.0,0.0,0.0,0.0,1.0,0.0,0.0,1,0,1,30000000
649,1001.0,5794.0,0.0,1.0,0.0,0.0,1.0,0.0,0.0,0.0,1,0,1,5800000
650,729.0,6584.0,1.0,0.0,0.0,0.0,1.0,0.0,0.0,0.0,1,1,1,4800000
651,2000.0,15750.0,0.0,0.0,1.0,0.0,0.0,1.0,0.0,0.0,1,1,0,31500000
652,2300.0,3524.0,0.0,0.0,1.0,0.0,0.0,0.0,1.0,0.0,1,1,0,31500000
653,1900.0,3524.0,0.0,0.0,1.0,0.0,0.0,0.0,1.0,0.0,1,1,0,30000000
654,350.0,4270.0,0.0,0.0,0.0,0.0,0.0,0.0,0.0,0.0,1,0,0,1490000
655,585.0,3248.0,1.0,0.0,0.0,0.0,1.0,0.0,0.0,0.0,1,1,1,1900000
656,495.0,4270.0,1.0,0.0,0.0,0.0,1.0,0.0,0.0,0.0,1,1,1,1750000
657,990.0,5051.0,0.0,1.0,0.0,0.0,1.0,0.0,0.0,0.0,1,1,1,5000000
658,236.8058,4221.0,0.0,0.0,0.0,0.0,0.0,0.0,0.0,0.0,1,1,0,2000000
659,425.0,5176.0,0.0,0.0,0.0,0.0,0.0,0.0,0.0,0.0,1,1,0,2200000
660,365.0,7143.0,0.0,0.0,0.0,0.0,0.0,0.0,0.0,0.0,1,1,0,3500000
661,350.0,7143.0,0.0,0.0,0.0,0.0,0.0,0.0,0.0,0.0,1,1,0,2500000
662,559.7228,5092.0,1.0,0.0,0.0,0.0,1.0,0.0,0.0,0.0,1,1,0,2850000
663,445.0,4221.0,0.0,0.0,0.0,0.0,0.0,0.0,0.0,0.0,1,1,0,1500000
664,378.0,3968.253968253968,0.0,0.0,0.0,0.0,1.0,0.0,0.0,0.0,1,1,0,1500000
665,198.0,5051.0,0.0,0.0,0.0,0.0,0.0,0.0,0.0,0.0,1,1,0,1000000
666,900.0,4270.0,1.0,0.0,0.0,0.0,1.0,0.0,0.0,0.0,1,1,0,4600000
667,1600.0,12500.0,0.0,1.0,0.0,0.0,0.0,1.0,0.0,0.0,1,1,0,20000000
668,1350.0,15555.555555555555,0.0,1.0,0.0,0.0,0.0,1.0,0.0,0.0,1,1,0,21000000
669,1150.0,12500.0,1.0,0.0,0.0,0.0,1.0,0.0,0.0,0.0,1,1,0,16500000
670,1250.0,16000.0,0.0,1.0,0.0,0.0,0.0,1.0,0.0,0.0,1,0,0,20000000
671,1000.0,19500.0,0.0,1.0,0.0,0.0,0.0,1.0,0.0,0.0,1,1,0,19500000
672,1400.0,12500.0,0.0,1.0,0.0,0.0,0.0,1.0,0.0,0.0,1,1,0,18000000
673,1540.0,3524.0,0.0,1.0,0.0,0.0,0.0,1.0,0.0,0.0,1,1,0,14500000
674,960.0,14722.0,1.0,0.0,0.0,0.0,1.0,0.0,0.0,0.0,1,1,0,13000000
675,1425.0,6526.0,0.0,1.0,0.0,0.0,0.0,1.0,0.0,0.0,1,1,1,9300000
676,1053.0,41304.0,0.0,1.0,0.0,0.0,1.0,0.0,0.0,0.0,1,1,1,7000000
677,900.0,5000.0,1.0,0.0,0.0,0.0,1.0,0.0,0.0,0.0,1,1,1,4500000
678,1800.0,9166.666666666666,0.0,0.0,1.0,0.0,0.0,1.0,0.0,0.0,1,1,0,16500000
679,1700.0,3524.0,0.0,0.0,1.0,0.0,0.0,1.0,0.0,0.0,1,1,0,20500000
680,1800.0,12916.0,0.0,1.0,0.0,0.0,0.0,1.0,0.0,0.0,1,1,1,26000000
681,1350.0,6878.0,0.0,1.0,0.0,0.0,1.0,0.0,0.0,0.0,1,1,1,17500000
682,1350.0,9655.0,0.0,1.0,0.0,0.0,0.0,1.0,0.0,0.0,1,1,0,12000000
683,1800.0,120000.0,0.0,0.0,1.0,0.0,0.0,0.0,1.0,0.0,1,0,1,65000000
684,1400.0,23529.0,0.0,1.0,0.0,0.0,0.0,1.0,0.0,0.0,1,0,1,50000000
685,2800.0,23529.0,0.0,0.0,1.0,0.0,0.0,0.0,0.0,1.0,1,0,1,75000000
686,1600.0,15459.0,0.0,1.0,0.0,0.0,0.0,1.0,0.0,0.0,1,1,0,40000000
687,2000.0,15459.0,0.0,0.0,1.0,0.0,0.0,0.0,1.0,0.0,1,0,1,70000000
688,1500.0,15459.0,0.0,1.0,0.0,0.0,0.0,1.0,0.0,0.0,1,0,1,60000000
689,2550.0,23529.0,0.0,0.0,1.0,0.0,0.0,0.0,1.0,0.0,1,1,1,60000000
690,2100.0,15459.0,0.0,0.0,1.0,0.0,0.0,0.0,0.0,1.0,1,0,1,56000000
691,2700.0,23529.0,0.0,0.0,1.0,0.0,0.0,0.0,1.0,0.0,1,0,1,52500000
692,1500.0,10700.0,0.0,1.0,0.0,0.0,1.0,0.0,0.0,0.0,1,1,0,16200000
693,1000.0,3714.0,0.0,1.0,0.0,0.0,1.0,0.0,0.0,0.0,1,0,1,10000000
694,900.0,10000.0,0.0,1.0,0.0,0.0,1.0,0.0,0.0,0.0,1,0,1,9000000
695,1150.0,5478.260869565217,0.0,1.0,0.0,0.0,1.0,0.0,0.0,0.0,1,1,1,6300000
696,1100.0,3714.0,0.0,1.0,0.0,0.0,1.0,0.0,0.0,0.0,1,1,1,6000000
697,450.0,5222.0,0.0,0.0,0.0,0.0,0.0,0.0,0.0,0.0,1,1,0,2350000
698,500.0,3714.0,0.0,0.0,0.0,0.0,0.0,0.0,0.0,0.0,1,1,1,2350000
699,1700.0,3714.0,0.0,1.0,0.0,0.0,0.0,1.0,0.0,0.0,1,0,0,8500000
700,1000.0,3714.0,0.0,1.0,0.0,0.0,0.0,1.0,0.0,0.0,1,0,0,5500000
701,700.0,3714.0,1.0,0.0,0.0,0.0,1.0,0.0,0.0,0.0,1,1,1,3500000
702,1600.0,3714.0,0.0,1.0,0.0,0.0,0.0,1.0,0.0,0.0,1,1,1,10800000
703,1400.0,8889.0,0.0,1.0,0.0,0.0,1.0,0.0,0.0,0.0,1,1,0,17500000
704,1350.0,13703.703703703704,0.0,1.0,0.0,0.0,1.0,0.0,0.0,0.0,1,1,0,18500000
705,861.112,5806.0,1.0,0.0,0.0,0.0,1.0,0.0,0.0,0.0,1,1,1,5000000
706,1457.0,8889.0,0.0,1.0,0.0,0.0,0.0,1.0,0.0,0.0,1,1,0,23000000
707,990.0,8889.0,0.0,1.0,0.0,0.0,1.0,0.0,0.0,0.0,1,1,0,25000000
708,1138.0,10838.0,1.0,0.0,0.0,0.0,1.0,0.0,0.0,0.0,1,0,0,13500000
709,1550.0,10838.0,0.0,1.0,0.0,0.0,1.0,0.0,0.0,0.0,1,1,0,19500000
710,2300.0,20217.391304347828,0.0,0.0,1.0,0.0,0.0,0.0,0.0,1.0,1,0,0,46500000
711,900.0,12151.0,1.0,0.0,0.0,0.0,1.0,0.0,0.0,0.0,1,1,0,6700000
712,702.0,10838.0,0.0,1.0,0.0,0.0,1.0,0.0,0.0,0.0,1,1,0,14200000
713,1429.0,12246.326102169349,0.0,1.0,0.0,0.0,0.0,1.0,0.0,0.0,1,1,0,17500000
714,2659.0,10838.0,0.0,0.0,1.0,0.0,0.0,0.0,0.0,1.0,1,1,0,43500000
715,900.0,8889.0,0.0,1.0,0.0,0.0,1.0,0.0,0.0,0.0,1,1,1,8000000
716,2430.0,17489.711934156378,0.0,0.0,1.0,0.0,0.0,0.0,0.0,1.0,1,1,0,42500000
717,810.0,5794.0,0.0,1.0,0.0,0.0,1.0,0.0,0.0,0.0,1,1,1,5400000
718,1300.0,11538.0,0.0,1.0,0.0,0.0,1.0,0.0,0.0,0.0,1,1,0,18500000
719,1400.0,12500.0,1.0,0.0,0.0,0.0,1.0,0.0,0.0,0.0,1,1,0,16500000
720,1200.0,11538.0,1.0,0.0,0.0,0.0,1.0,0.0,0.0,0.0,1,1,0,14300000
721,1750.0,10700.0,0.0,1.0,0.0,0.0,1.0,0.0,0.0,0.0,1,1,0,14900000
722,1155.0,15278.0,1.0,0.0,0.0,0.0,1.0,0.0,0.0,0.0,1,1,1,18500000
723,1200.0,10833.333333333334,1.0,0.0,0.0,0.0,1.0,0.0,0.0,0.0,1,1,0,13000000
724,1800.0,65714.0,0.0,0.0,1.0,0.0,0.0,1.0,0.0,0.0,1,0,1,5500000
725,650.0,15882.0,1.0,0.0,0.0,0.0,1.0,0.0,0.0,0.0,1,1,0,3800000
726,1100.0,10556.0,0.0,1.0,0.0,0.0,1.0,0.0,0.0,0.0,1,0,1,6000000
727,450.0,10556.0,0.0,0.0,0.0,0.0,0.0,0.0,0.0,0.0,1,0,0,2200000
728,1250.0,10556.0,0.0,1.0,0.0,0.0,0.0,1.0,0.0,0.0,1,0,1,5800000
729,1000.0,22222.0,0.0,1.0,0.0,0.0,1.0,0.0,0.0,0.0,0,0,1,5510000
730,1000.0,6111.0,0.0,1.0,0.0,0.0,1.0,0.0,0.0,0.0,0,0,1,5510000
731,1078.0,14378.47866419295,0.0,1.0,0.0,0.0,1.0,0.0,0.0,0.0,1,0,1,15500000
732,1818.0,12101.210121012102,0.0,1.0,0.0,0.0,0.0,1.0,0.0,0.0,1,1,1,22000000
733,900.0,13889.0,1.0,0.0,0.0,0.0,1.0,0.0,0.0,0.0,1,1,1,12500000
734,1100.0,14722.0,0.0,1.0,0.0,0.0,1.0,0.0,0.0,0.0,1,1,0,13100000
735,900.0,14722.0,1.0,0.0,0.0,0.0,0.0,1.0,0.0,0.0,1,1,0,8500000
736,820.0,11111.0,1.0,0.0,0.0,0.0,0.0,1.0,0.0,0.0,1,1,0,7500000
737,1100.0,14722.0,0.0,1.0,0.0,0.0,1.0,0.0,0.0,0.0,1,1,0,16000000
738,1800.0,14722.0,0.0,0.0,1.0,0.0,0.0,1.0,0.0,0.0,1,1,1,23100000
739,1150.0,18260.869565217392,0.0,1.0,0.0,0.0,0.0,1.0,0.0,0.0,1,1,1,21000000
740,1800.0,14722.0,0.0,1.0,0.0,0.0,1.0,0.0,0.0,0.0,1,1,1,26500000
741,780.0,14722.0,1.0,0.0,0.0,0.0,1.0,0.0,0.0,0.0,1,1,1,8770000
742,850.0,11111.0,0.0,1.0,0.0,0.0,0.0,1.0,0.0,0.0,1,1,0,5700000
743,585.0,14722.0,1.0,0.0,0.0,0.0,1.0,0.0,0.0,0.0,1,1,0,7000000
744,450.0,11111.111111111111,1.0,0.0,0.0,0.0,1.0,0.0,0.0,0.0,1,1,1,5000000
745,378.0,13889.0,0.0,0.0,0.0,0.0,0.0,0.0,0.0,0.0,1,1,0,3200000
746,1782.0,8418.0,0.0,1.0,0.0,0.0,0.0,1.0,0.0,0.0,1,1,0,15000000
747,200.0,13333.0,0.0,0.0,0.0,0.0,0.0,0.0,0.0,0.0,1,1,0,7000000
748,1530.0,7500.0,0.0,1.0,0.0,0.0,0.0,1.0,0.0,0.0,1,1,1,26500000
749,100.0,160000.0,0.0,1.0,0.0,0.0,1.0,0.0,0.0,0.0,1,1,0,16000000
750,1800.0,8421.0,0.0,1.0,0.0,0.0,0.0,1.0,0.0,0.0,1,1,1,27000000
751,1800.0,27778.0,0.0,1.0,0.0,0.0,0.0,1.0,0.0,0.0,1,1,0,50000000
752,2000.0,23840.0,0.0,1.0,0.0,0.0,0.0,1.0,0.0,0.0,1,1,0,37500000
753,70.0,23840.0,1.0,0.0,0.0,0.0,0.0,1.0,0.0,0.0,1,0,1,8200000
754,900.0,13333.0,0.0,1.0,0.0,0.0,1.0,0.0,0.0,0.0,1,1,1,12000000
755,800.0,23840.0,0.0,1.0,0.0,0.0,1.0,0.0,0.0,0.0,1,1,1,8000000
756,405.0,1667.0,1.0,0.0,0.0,0.0,0.0,0.0,0.0,0.0,1,1,0,3950000
757,1800.0,13333.0,0.0,1.0,0.0,0.0,0.0,1.0,0.0,0.0,1,1,0,24000000
758,1680.0,23840.0,0.0,0.0,1.0,0.0,0.0,0.0,0.0,1.0,1,1,1,20000000
759,900.0,23840.0,1.0,0.0,0.0,0.0,1.0,0.0,0.0,0.0,1,1,1,7400000
760,2000.0,7500.0,0.0,0.0,1.0,0.0,0.0,0.0,1.0,0.0,1,1,1,15000000
761,900.0,11556.0,0.0,1.0,0.0,0.0,1.0,0.0,0.0,0.0,1,1,1,10400000
762,1500.0,8333.0,0.0,1.0,0.0,0.0,0.0,1.0,0.0,0.0,1,1,1,12500000
763,270.0,11556.0,0.0,0.0,0.0,0.0,0.0,0.0,0.0,0.0,1,1,1,1700000
764,900.0,23840.0,0.0,1.0,0.0,0.0,1.0,0.0,0.0,0.0,1,1,1,9500000
765,1500.0,8421.0,0.0,1.0,0.0,0.0,0.0,1.0,0.0,0.0,1,1,1,19500000
766,1800.0,11722.0,0.0,1.0,0.0,0.0,0.0,1.0,0.0,0.0,1,1,1,21100000
767,850.0,24718.0,1.0,0.0,0.0,0.0,0.0,1.0,0.0,0.0,1,1,1,5900000
768,950.0,8421.0,1.0,0.0,0.0,0.0,1.0,0.0,0.0,0.0,1,1,1,8000000
769,1460.0,9655.0,0.0,1.0,0.0,0.0,0.0,1.0,0.0,0.0,1,1,0,16500000
770,576.0,14815.0,1.0,0.0,0.0,0.0,1.0,0.0,0.0,0.0,1,1,0,5000000
771,900.0,6154.0,1.0,0.0,0.0,0.0,1.0,0.0,0.0,0.0,1,1,0,10500000
772,900.0,9500.0,1.0,0.0,0.0,0.0,1.0,0.0,0.0,0.0,1,1,0,8550000
773,990.0,6944.0,0.0,1.0,0.0,0.0,0.0,1.0,0.0,0.0,1,1,0,28000000
774,900.0,28846.0,0.0,1.0,0.0,0.0,1.0,0.0,0.0,0.0,1,1,0,24000000
775,2022.0,18793.0,0.0,1.0,0.0,0.0,0.0,1.0,0.0,0.0,1,1,0,38000000
776,2500.0,17000.0,0.0,0.0,1.0,0.0,0.0,0.0,0.0,1.0,1,1,0,42500000
777,2500.0,21000.0,0.0,0.0,1.0,0.0,0.0,0.0,1.0,0.0,1,1,0,52500000
778,2525.0,21052.0,0.0,0.0,1.0,0.0,0.0,0.0,0.0,1.0,1,1,0,43200000
779,2552.0,16654.0,0.0,0.0,1.0,0.0,0.0,0.0,0.0,1.0,1,0,0,42500000
780,2125.0,17176.0,0.0,1.0,0.0,0.0,0.0,1.0,0.0,0.0,1,1,0,36500000
781,1700.0,17906.0,0.0,1.0,0.0,0.0,0.0,1.0,0.0,0.0,1,1,0,34000000
782,1500.0,12500.0,0.0,1.0,0.0,0.0,0.0,1.0,0.0,0.0,1,1,0,21000000
783,1300.0,12500.0,0.0,1.0,0.0,0.0,0.0,1.0,0.0,0.0,1,1,0,19000000
784,1800.0,6944.0,0.0,0.0,1.0,0.0,0.0,0.0,1.0,0.0,1,1,1,12500000
785,1700.0,13529.411764705883,0.0,1.0,0.0,0.0,0.0,1.0,0.0,0.0,1,1,1,23000000
786,2592.0,16396.604938271605,0.0,0.0,1.0,0.0,0.0,1.0,0.0,0.0,1,1,1,42500000
787,1800.0,11905.0,0.0,1.0,0.0,0.0,0.0,1.0,0.0,0.0,1,0,1,27500000
788,2250.0,11905.0,0.0,0.0,1.0,0.0,0.0,0.0,1.0,0.0,1,0,1,37500000
789,1350.0,15278.0,0.0,1.0,0.0,0.0,0.0,1.0,0.0,0.0,1,1,0,23500000
790,2340.0,15278.0,0.0,0.0,1.0,0.0,0.0,0.0,1.0,0.0,1,1,1,26000000
791,954.0,15278.0,1.0,0.0,0.0,0.0,1.0,0.0,0.0,0.0,1,1,1,10000000
792,1800.0,15278.0,0.0,1.0,0.0,0.0,0.0,1.0,0.0,0.0,1,1,1,27500000
793,1000.0,7800.0,1.0,0.0,0.0,0.0,1.0,0.0,0.0,0.0,1,1,0,7800000
794,1450.0,11905.0,0.0,1.0,0.0,0.0,0.0,1.0,0.0,0.0,1,1,1,32500000
795,2250.0,22222.222222222223,0.0,0.0,1.0,0.0,0.0,0.0,1.0,0.0,1,0,1,50000000
796,800.0,11905.0,1.0,0.0,0.0,0.0,1.0,0.0,0.0,0.0,1,1,0,7500000
797,2100.0,11905.0,0.0,1.0,0.0,0.0,0.0,1.0,0.0,0.0,1,1,1,25000000
798,1440.0,11905.0,0.0,1.0,0.0,0.0,0.0,1.0,0.0,0.0,1,1,1,24500000
799,195.0,11905.0,0.0,1.0,0.0,0.0,0.0,1.0,0.0,0.0,0,0,1,28000000
800,807.2925,9909.0,1.0,0.0,0.0,0.0,0.0,0.0,0.0,0.0,1,1,1,8000000
801,1620.0,11905.0,0.0,1.0,0.0,0.0,0.0,1.0,0.0,0.0,1,0,1,29000000
802,2500.0,11905.0,0.0,0.0,1.0,0.0,0.0,0.0,1.0,0.0,1,0,1,80000000
803,2250.0,11905.0,0.0,1.0,0.0,0.0,0.0,1.0,0.0,0.0,1,1,0,20500000
804,1800.0,25277.777777777777,0.0,0.0,1.0,0.0,0.0,0.0,1.0,0.0,0,0,1,45500000
805,1640.0,7317.073170731707,0.0,1.0,0.0,0.0,0.0,1.0,0.0,0.0,1,1,0,12000000
806,2572.0,13608.0,0.0,1.0,0.0,0.0,0.0,1.0,0.0,0.0,1,1,0,35000000
807,140.0,85714.0,0.0,1.0,0.0,0.0,1.0,0.0,0.0,0.0,1,0,1,12000000
808,1710.0,12865.497076023392,0.0,1.0,0.0,0.0,0.0,1.0,0.0,0.0,1,1,1,22000000
809,1350.0,11111.0,0.0,1.0,0.0,0.0,0.0,1.0,0.0,0.0,1,1,1,15000000
810,1800.0,8611.111111111111,0.0,1.0,0.0,0.0,1.0,0.0,0.0,0.0,1,1,0,15500000
811,1700.0,18000.0,0.0,1.0,0.0,0.0,0.0,1.0,0.0,0.0,1,0,1,29000000
812,1450.0,28846.0,0.0,1.0,0.0,0.0,0.0,1.0,0.0,0.0,0,0,1,34000000
813,1500.0,28846.0,0.0,1.0,0.0,0.0,1.0,0.0,0.0,0.0,1,1,0,21500000
814,1530.0,6667.0,0.0,0.0,0.0,1.0,1.0,0.0,0.0,0.0,1,1,1,10200000
815,1650.0,9393.939393939394,0.0,1.0,0.0,0.0,0.0,1.0,0.0,0.0,1,1,0,15500000
816,1600.0,9500.0,0.0,1.0,0.0,0.0,0.0,1.0,0.0,0.0,1,1,0,15200000
817,1800.0,9722.0,0.0,0.0,1.0,0.0,1.0,0.0,0.0,0.0,1,1,1,17500000
818,900.0,3901.0,0.0,1.0,0.0,0.0,1.0,0.0,0.0,0.0,0,0,1,6000000
819,445.0,6526.0,1.0,0.0,0.0,0.0,0.0,0.0,0.0,0.0,1,1,1,2000000
820,700.0,6571.428571428572,1.0,0.0,0.0,0.0,1.0,0.0,0.0,0.0,1,0,1,4600000
821,800.0,6526.0,0.0,1.0,0.0,0.0,1.0,0.0,0.0,0.0,1,1,1,3800000
822,1620.0,16049.382716049382,0.0,1.0,0.0,0.0,0.0,1.0,0.0,0.0,1,0,1,26000000
823,1485.0,20202.0202020202,0.0,1.0,0.0,0.0,0.0,1.0,0.0,0.0,1,1,0,30000000
824,350.0,6571.428571428572,0.0,0.0,0.0,0.0,0.0,0.0,0.0,0.0,1,0,1,2300000
825,1150.0,6154.0,0.0,1.0,0.0,0.0,0.0,1.0,0.0,0.0,1,1,0,25000000
826,1100.0,6154.0,0.0,0.0,1.0,0.0,0.0,1.0,0.0,0.0,1,0,1,17000000
827,430.556,6154.0,0.0,0.0,0.0,0.0,0.0,0.0,0.0,0.0,1,1,0,5300000
828,2160.0,9722.0,0.0,0.0,1.0,0.0,0.0,0.0,1.0,0.0,1,0,1,21000000
829,1100.0,5255.0,0.0,1.0,0.0,0.0,1.0,0.0,0.0,0.0,1,0,1,6200000
830,1030.0,5255.0,0.0,1.0,0.0,0.0,1.0,0.0,0.0,0.0,1,0,1,6200000
831,1100.0,6364.0,0.0,1.0,0.0,0.0,0.0,1.0,0.0,0.0,1,0,1,7000000
832,1100.0,6154.0,0.0,1.0,0.0,0.0,1.0,0.0,0.0,0.0,1,0,1,6200000
833,985.0,6154.0,0.0,1.0,0.0,0.0,0.0,1.0,0.0,0.0,0,0,1,6800000
834,550.0,6154.0,1.0,0.0,0.0,0.0,1.0,0.0,0.0,0.0,1,0,1,4500000
835,1300.0,6154.0,0.0,0.0,1.0,0.0,0.0,0.0,1.0,0.0,1,0,1,15000000
836,1300.0,5255.0,0.0,0.0,1.0,0.0,0.0,0.0,1.0,0.0,1,0,1,15000000
837,2300.0,5255.0,0.0,0.0,1.0,0.0,0.0,0.0,1.0,0.0,1,0,1,20000000
838,950.0,5255.0,0.0,1.0,0.0,0.0,1.0,0.0,0.0,0.0,1,0,1,7600000
839,850.0,5255.0,0.0,1.0,0.0,0.0,1.0,0.0,0.0,0.0,1,0,1,6500000
840,2170.0,5255.0,0.0,0.0,1.0,0.0,0.0,0.0,1.0,0.0,1,0,1,22000000
841,720.0,5255.0,0.0,1.0,0.0,0.0,1.0,0.0,0.0,0.0,1,0,1,6000000
842,850.0,5255.0,0.0,1.0,0.0,0.0,1.0,0.0,0.0,0.0,1,0,1,7300000
843,660.0,6154.0,1.0,0.0,0.0,0.0,1.0,0.0,0.0,0.0,1,1,1,5000000
844,1550.0,30556.0,0.0,0.0,1.0,0.0,0.0,1.0,0.0,0.0,1,0,1,13000000
845,650.0,6154.0,1.0,0.0,0.0,0.0,1.0,0.0,0.0,0.0,1,1,1,6000000
846,600.0,6667.0,1.0,0.0,0.0,0.0,1.0,0.0,0.0,0.0,1,1,1,4200000
847,1360.0,5255.0,0.0,0.0,1.0,0.0,0.0,1.0,0.0,0.0,1,0,1,13500000
848,1550.0,5255.0,0.0,0.0,1.0,0.0,0.0,1.0,0.0,0.0,1,0,1,12500000
849,630.0,6154.0,1.0,0.0,0.0,0.0,1.0,0.0,0.0,0.0,1,0,1,5500000
850,1350.0,6667.0,0.0,0.0,1.0,0.0,0.0,1.0,0.0,0.0,1,1,1,10000000
851,1300.0,6667.0,0.0,0.0,1.0,0.0,0.0,1.0,0.0,0.0,1,0,1,15500000
852,650.0,6667.0,1.0,0.0,0.0,0.0,1.0,0.0,0.0,0.0,1,0,1,6200000
853,870.0,6154.0,0.0,1.0,0.0,0.0,1.0,0.0,0.0,0.0,1,0,1,7700000
854,800.0,8750.0,0.0,1.0,0.0,0.0,1.0,0.0,0.0,0.0,1,1,1,7000000
855,28.0,8750.0,1.0,0.0,0.0,0.0,1.0,0.0,0.0,0.0,1,0,0,5000000
856,800.0,8125.0,0.0,1.0,0.0,0.0,1.0,0.0,0.0,0.0,1,0,1,6500000
857,660.0,6154.0,1.0,0.0,0.0,0.0,1.0,0.0,0.0,0.0,1,0,1,4700000
858,914.9315,6154.0,1.0,0.0,0.0,0.0,1.0,0.0,0.0,0.0,1,1,1,12000000
859,344.4448,6154.0,1.0,0.0,0.0,0.0,1.0,0.0,0.0,0.0,1,1,1,3310000
860,1000.0,5650.0,0.0,1.0,0.0,0.0,1.0,0.0,0.0,0.0,1,1,1,5650000
861,558.0,6526.0,1.0,0.0,0.0,0.0,0.0,0.0,0.0,0.0,1,0,1,2900000
862,900.0,6111.0,0.0,1.0,0.0,0.0,1.0,0.0,0.0,0.0,1,0,1,2800000
863,1200.0,6111.0,0.0,0.0,1.0,0.0,0.0,1.0,0.0,0.0,1,0,1,6800000
864,2700.0,10700.0,0.0,0.0,1.0,0.0,0.0,1.0,0.0,0.0,1,1,0,27500000
865,1450.0,37037.0,0.0,1.0,0.0,0.0,0.0,1.0,0.0,0.0,1,0,1,45000000
866,1100.0,30000.0,0.0,1.0,0.0,0.0,0.0,1.0,0.0,0.0,1,1,0,18500000
867,1250.0,17677.0,0.0,1.0,0.0,0.0,0.0,1.0,0.0,0.0,1,1,1,24000000
868,972.0,14818.0,1.0,0.0,0.0,0.0,1.0,0.0,0.0,0.0,1,1,0,17000000
869,700.0,14818.0,1.0,0.0,0.0,0.0,1.0,0.0,0.0,0.0,1,1,1,15000000
870,1550.0,14818.0,0.0,1.0,0.0,0.0,0.0,1.0,0.0,0.0,1,0,1,38000000
871,2250.0,14818.0,0.0,0.0,1.0,0.0,0.0,0.0,1.0,0.0,1,0,1,80000000
872,2035.0,14818.0,0.0,0.0,1.0,0.0,0.0,0.0,1.0,0.0,1,0,1,65000000
873,2250.0,14818.0,0.0,0.0,1.0,0.0,0.0,0.0,0.0,1.0,1,0,1,55000000
874,1600.0,14818.0,0.0,1.0,0.0,0.0,0.0,1.0,0.0,0.0,1,1,1,22500000
875,2100.0,25000.0,0.0,0.0,1.0,0.0,0.0,0.0,1.0,0.0,1,0,1,55000000
876,1500.0,25000.0,0.0,1.0,0.0,0.0,0.0,1.0,0.0,0.0,1,0,1,37500000
877,1650.0,14818.0,0.0,1.0,0.0,0.0,0.0,1.0,0.0,0.0,1,0,1,35000000
878,1800.0,20833.333333333332,0.0,1.0,0.0,0.0,0.0,1.0,0.0,0.0,1,0,1,37500000
879,1700.0,14818.0,0.0,0.0,1.0,0.0,0.0,0.0,0.0,1.0,1,1,1,52500000
880,1100.0,14818.0,1.0,0.0,0.0,0.0,1.0,0.0,0.0,0.0,1,1,0,16300000
881,1800.0,25000.0,0.0,0.0,1.0,0.0,0.0,0.0,1.0,0.0,1,0,1,87500000
882,1100.0,14818.0,0.0,1.0,0.0,0.0,0.0,1.0,0.0,0.0,1,1,1,25000000
883,1450.0,14818.0,0.0,1.0,0.0,0.0,0.0,1.0,0.0,0.0,1,1,1,37500000
884,2610.0,14818.0,0.0,0.0,1.0,0.0,0.0,0.0,1.0,0.0,1,1,1,42500000
885,2200.0,23863.0,0.0,0.0,1.0,0.0,0.0,0.0,1.0,0.0,1,0,1,52500000
886,1600.0,10125.0,0.0,1.0,0.0,0.0,0.0,1.0,0.0,0.0,1,1,0,16200000
887,1674.0,6944.0,0.0,1.0,0.0,0.0,0.0,1.0,0.0,0.0,1,1,1,45000000
888,2025.0,6944.0,0.0,0.0,1.0,0.0,0.0,1.0,0.0,0.0,1,1,1,30500000
889,1300.0,6944.0,0.0,1.0,0.0,0.0,0.0,1.0,0.0,0.0,1,1,1,22500000
890,2000.0,12500.0,0.0,0.0,1.0,0.0,0.0,1.0,0.0,0.0,1,1,0,25000000
891,3000.0,28846.0,0.0,0.0,1.0,0.0,0.0,0.0,0.0,1.0,1,0,1,75000000
892,2600.0,28846.0,0.0,0.0,1.0,0.0,0.0,0.0,1.0,0.0,1,0,1,75000000
893,2100.0,14074.0,0.0,0.0,1.0,0.0,0.0,1.0,0.0,0.0,1,1,0,25500000
894,1700.0,21071.0,0.0,0.0,1.0,0.0,0.0,1.0,0.0,0.0,1,1,1,29500000
895,1500.0,18055.0,0.0,1.0,0.0,0.0,1.0,0.0,0.0,0.0,1,1,0,20500000
896,2050.0,28846.0,0.0,0.0,1.0,0.0,0.0,0.0,1.0,0.0,1,0,1,47500000
897,2100.0,14705.0,0.0,1.0,0.0,0.0,0.0,0.0,1.0,0.0,1,1,1,25000000
898,1500.0,28846.0,0.0,1.0,0.0,0.0,1.0,0.0,0.0,0.0,1,0,1,28500000
899,2250.0,14705.0,0.0,0.0,1.0,0.0,0.0,0.0,1.0,0.0,1,1,1,33700000
900,1500.0,18000.0,0.0,1.0,0.0,0.0,0.0,1.0,0.0,0.0,1,1,1,27000000
901,2700.0,18000.0,0.0,0.0,1.0,0.0,0.0,0.0,1.0,0.0,1,0,1,43500000
902,1800.0,18055.0,0.0,1.0,0.0,0.0,0.0,1.0,0.0,0.0,1,0,1,32500000
903,2475.0,12500.0,0.0,0.0,1.0,0.0,0.0,0.0,1.0,0.0,1,1,1,31000000
904,2050.0,17647.0,0.0,0.0,1.0,0.0,0.0,0.0,1.0,0.0,1,0,0,52100000
905,1700.0,17647.0,0.0,1.0,0.0,0.0,0.0,1.0,0.0,0.0,1,1,1,30000000
906,1500.0,12500.0,0.0,1.0,0.0,0.0,0.0,1.0,0.0,0.0,1,1,1,30000000
907,1800.0,28846.0,0.0,1.0,0.0,0.0,0.0,1.0,0.0,0.0,1,1,0,23000000
908,1300.0,8846.153846153846,0.0,1.0,0.0,0.0,1.0,0.0,0.0,0.0,1,1,0,11500000
909,1100.0,8636.363636363636,1.0,0.0,0.0,0.0,1.0,0.0,0.0,0.0,1,1,0,9500000
910,1600.0,12187.5,0.0,0.0,1.0,0.0,1.0,0.0,0.0,0.0,1,1,0,19500000
911,500.0,8750.0,0.0,0.0,0.0,0.0,0.0,0.0,0.0,0.0,1,1,0,3400000
912,1000.0,5255.0,1.0,0.0,0.0,0.0,1.0,0.0,0.0,0.0,1,1,0,7600000
913,1600.0,14375.0,0.0,1.0,0.0,0.0,1.0,0.0,0.0,0.0,1,1,0,23000000
914,1150.0,15384.0,1.0,0.0,0.0,0.0,1.0,0.0,0.0,0.0,1,1,0,13500000
915,1500.0,15384.0,0.0,1.0,0.0,0.0,1.0,0.0,0.0,0.0,1,1,0,14000000
916,1500.0,9000.0,0.0,1.0,0.0,0.0,1.0,0.0,0.0,0.0,1,1,0,13500000
917,1980.0,17677.0,0.0,1.0,0.0,0.0,0.0,0.0,1.0,0.0,0,0,0,35000000
918,2000.0,30000.0,0.0,1.0,0.0,0.0,0.0,1.0,0.0,0.0,1,1,0,37500000
919,1700.0,25000.0,0.0,1.0,0.0,0.0,0.0,1.0,0.0,0.0,1,1,0,36500000
920,1585.0,10473.186119873817,0.0,1.0,0.0,0.0,0.0,1.0,0.0,0.0,1,1,0,16600000
921,1000.0,7500.0,1.0,0.0,0.0,0.0,1.0,0.0,0.0,0.0,1,1,0,7500000
922,1450.0,9655.0,0.0,1.0,0.0,0.0,1.0,0.0,0.0,0.0,1,1,0,14000000
923,600.0,10556.0,0.0,1.0,0.0,0.0,1.0,0.0,0.0,0.0,1,1,1,8000000
924,855.0,10556.0,0.0,1.0,0.0,0.0,1.0,0.0,0.0,0.0,1,1,1,6500000
925,1700.0,4705.882352941177,0.0,1.0,0.0,0.0,0.0,1.0,0.0,0.0,1,1,1,8000000
926,585.0,6837.606837606838,1.0,0.0,0.0,0.0,1.0,0.0,0.0,0.0,1,1,1,4000000
927,504.0,7143.0,0.0,1.0,0.0,0.0,0.0,0.0,0.0,0.0,1,1,0,3600000
928,450.0,13333.0,1.0,0.0,0.0,0.0,0.0,0.0,0.0,0.0,1,1,0,6000000
929,495.1394,41304.0,0.0,0.0,0.0,0.0,0.0,0.0,0.0,0.0,1,1,1,1900000
930,700.0,6667.0,1.0,0.0,0.0,0.0,1.0,0.0,0.0,0.0,1,1,0,2500000
931,1650.0,3901.0,0.0,0.0,1.0,0.0,0.0,1.0,0.0,0.0,0,0,0,14000000
932,440.0,6526.0,1.0,0.0,0.0,0.0,1.0,0.0,0.0,0.0,1,1,0,2700000
933,950.0,6526.0,0.0,1.0,0.0,0.0,1.0,0.0,0.0,0.0,1,1,0,5500000
934,675.0,6526.0,1.0,0.0,0.0,0.0,0.0,0.0,0.0,0.0,1,1,0,3300000
935,990.0,6526.0,1.0,0.0,0.0,0.0,1.0,0.0,0.0,0.0,1,1,1,4100000
936,1650.0,6667.0,0.0,0.0,1.0,0.0,0.0,1.0,0.0,0.0,0,0,0,14000000
937,852.0,6667.0,1.0,0.0,0.0,0.0,1.0,0.0,0.0,0.0,1,1,0,2670000
938,65.0,7143.0,0.0,1.0,0.0,0.0,1.0,0.0,0.0,0.0,1,0,0,35000000
939,1400.0,7857.142857142857,0.0,1.0,0.0,0.0,1.0,0.0,0.0,0.0,1,1,0,11000000
940,900.0,6667.0,0.0,0.0,1.0,0.0,0.0,0.0,0.0,0.0,1,1,0,15000000
941,50.0,6667.0,1.0,0.0,0.0,0.0,0.0,0.0,0.0,0.0,1,0,0,1950000
942,1250.0,15200.0,1.0,0.0,0.0,0.0,0.0,0.0,1.0,0.0,1,1,1,19000000
943,1600.0,13125.0,0.0,1.0,0.0,0.0,0.0,1.0,0.0,0.0,1,1,0,21000000
944,1600.0,14062.5,0.0,1.0,0.0,0.0,0.0,1.0,0.0,0.0,1,1,1,22500000
945,1800.0,10556.0,0.0,1.0,0.0,0.0,0.0,0.0,1.0,0.0,1,1,0,19000000
946,1600.0,10556.0,0.0,1.0,0.0,0.0,0.0,0.0,1.0,0.0,1,1,0,18800000
947,1300.0,12307.0,1.0,0.0,0.0,0.0,1.0,0.0,0.0,0.0,1,1,0,16000000
948,900.0,12307.0,1.0,0.0,0.0,0.0,1.0,0.0,0.0,0.0,1,0,1,5500000
949,850.0,15882.0,1.0,0.0,0.0,0.0,1.0,0.0,0.0,0.0,1,1,0,13500000
950,1650.0,15882.0,0.0,1.0,0.0,0.0,0.0,1.0,0.0,0.0,1,1,1,22500000
951,1250.0,65714.0,1.0,0.0,0.0,0.0,0.0,0.0,0.0,0.0,1,1,0,17500000
952,1500.0,65714.0,0.0,1.0,0.0,0.0,0.0,1.0,0.0,0.0,1,1,1,22500000
953,1100.0,11363.0,1.0,0.0,0.0,0.0,1.0,0.0,0.0,0.0,1,1,0,12500000
954,1400.0,13571.0,0.0,1.0,0.0,0.0,1.0,0.0,0.0,0.0,1,1,0,19000000
955,1300.0,11923.0,1.0,0.0,0.0,0.0,1.0,0.0,0.0,0.0,1,1,0,15500000
956,1100.0,12272.0,1.0,0.0,0.0,0.0,1.0,0.0,0.0,0.0,1,1,0,13500000
957,1291.6680000000001,10556.0,0.0,1.0,0.0,0.0,1.0,0.0,0.0,0.0,1,1,0,23500000
958,1600.0,13125.0,0.0,1.0,0.0,0.0,0.0,1.0,0.0,0.0,1,0,1,21000000
959,1350.0,12307.0,0.0,1.0,0.0,0.0,0.0,1.0,0.0,0.0,1,1,0,20000000
960,600.0,10556.0,0.0,0.0,0.0,0.0,0.0,0.0,0.0,0.0,1,0,0,7000000
961,810.0,9259.25925925926,0.0,1.0,0.0,0.0,1.0,0.0,0.0,0.0,1,1,1,7500000
962,980.0,14081.632653061224,1.0,0.0,0.0,0.0,1.0,0.0,0.0,0.0,1,1,0,13800000
963,1400.0,18571.428571428572,0.0,1.0,0.0,0.0,1.0,0.0,0.0,0.0,1,1,1,26000000
964,1350.0,7200.0,0.0,1.0,0.0,0.0,0.0,1.0,0.0,0.0,1,0,1,30000000
965,1700.0,21429.0,0.0,1.0,0.0,0.0,0.0,1.0,0.0,0.0,1,0,1,30000000
966,1400.0,24285.714285714286,0.0,1.0,0.0,0.0,0.0,1.0,0.0,0.0,1,0,1,34000000
967,1400.0,21429.0,0.0,1.0,0.0,0.0,0.0,1.0,0.0,0.0,1,0,1,30000000
968,846.0,3901.0,1.0,0.0,0.0,0.0,0.0,0.0,0.0,0.0,1,0,0,3300000
969,1550.0,3524.0,0.0,1.0,0.0,0.0,1.0,0.0,0.0,0.0,1,1,0,14200000
970,1580.0,11111.0,0.0,1.0,0.0,0.0,1.0,0.0,0.0,0.0,1,1,0,21000000
971,850.0,2235.0,1.0,0.0,0.0,0.0,0.0,0.0,0.0,0.0,1,0,0,1900000
972,850.0,2235.0,1.0,0.0,0.0,0.0,0.0,0.0,0.0,0.0,1,0,0,1900000
973,1800.0,6667.0,0.0,0.0,1.0,0.0,0.0,0.0,1.0,0.0,1,0,0,12000000
974,1300.0,15384.0,0.0,1.0,0.0,0.0,0.0,1.0,0.0,0.0,1,0,0,20000000
975,900.0,6667.0,1.0,0.0,0.0,0.0,0.0,0.0,0.0,0.0,1,0,1,6200000
976,2500.0,30000.0,0.0,0.0,1.0,0.0,0.0,0.0,1.0,0.0,1,1,1,75000000
977,750.0,16917.0,0.0,1.0,0.0,0.0,1.0,0.0,0.0,0.0,1,1,0,13500000
978,900.0,25512.0,1.0,0.0,0.0,0.0,1.0,0.0,0.0,0.0,1,1,0,11000000
979,2907.0,10320.0,0.0,0.0,1.0,0.0,0.0,0.0,1.0,0.0,1,1,0,30000000
980,1100.0,2778.0,0.0,1.0,0.0,0.0,0.0,1.0,0.0,0.0,1,1,0,12500000
981,1000.0,16917.0,1.0,0.0,0.0,0.0,1.0,0.0,0.0,0.0,1,1,1,11700000
982,2210.0,6667.0,0.0,0.0,1.0,0.0,0.0,1.0,0.0,0.0,1,1,1,41000000
983,1500.0,19841.0,0.0,1.0,0.0,0.0,1.0,0.0,0.0,0.0,1,1,0,16000000
984,810.0,5556.0,1.0,0.0,0.0,0.0,1.0,0.0,0.0,0.0,1,1,0,14500000
985,2210.0,10320.0,0.0,0.0,1.0,0.0,0.0,1.0,0.0,0.0,1,1,1,41000000
986,2000.0,5556.0,0.0,0.0,1.0,0.0,0.0,0.0,1.0,0.0,1,1,1,27500000
987,450.0,3714.0,0.0,0.0,0.0,0.0,0.0,0.0,0.0,0.0,1,0,1,2000000
988,800.0,3714.0,1.0,0.0,0.0,0.0,1.0,0.0,0.0,0.0,0,1,1,5000000
989,1350.0,5222.0,0.0,1.0,0.0,0.0,0.0,1.0,0.0,0.0,1,1,0,8500000
990,750.0,3714.0,1.0,0.0,0.0,0.0,1.0,0.0,0.0,0.0,0,1,1,4500000
991,1100.0,5455.0,0.0,1.0,0.0,0.0,1.0,0.0,0.0,0.0,1,1,0,6000000
992,600.0,3444.0,1.0,0.0,0.0,0.0,1.0,0.0,0.0,0.0,1,1,0,4500000
993,750.0,3714.0,1.0,0.0,0.0,0.0,1.0,0.0,0.0,0.0,1,1,1,4000000
994,540.0,3714.0,0.0,0.0,0.0,0.0,0.0,0.0,0.0,0.0,1,1,0,2350000
995,700.0,3714.0,1.0,0.0,0.0,0.0,1.0,0.0,0.0,0.0,1,1,1,2600000
996,445.0,5222.0,0.0,0.0,0.0,0.0,1.0,0.0,0.0,0.0,1,1,0,1650000
997,1000.0,5500.0,0.0,1.0,0.0,0.0,0.0,1.0,0.0,0.0,1,0,0,5500000
998,1100.0,8333.0,1.0,0.0,0.0,0.0,1.0,0.0,0.0,0.0,1,1,1,2800000
999,1500.0,10943.0,0.0,1.0,0.0,0.0,1.0,0.0,0.0,0.0,1,1,0,18000000
1000,1700.0,24718.0,0.0,1.0,0.0,0.0,1.0,0.0,0.0,0.0,1,1,0,17200000
1001,1700.0,3524.0,0.0,1.0,0.0,0.0,1.0,0.0,0.0,0.0,1,1,0,17200000
1002,904.1676,6667.0,1.0,0.0,0.0,0.0,1.0,0.0,0.0,0.0,1,0,0,21500000
1003,1800.0,11944.444444444445,0.0,0.0,1.0,0.0,1.0,0.0,0.0,0.0,1,1,0,21500000
1004,1400.0,11538.0,0.0,1.0,0.0,0.0,0.0,1.0,0.0,0.0,1,1,0,19000000
1005,2805.0,14092.0,0.0,0.0,1.0,0.0,0.0,0.0,1.0,0.0,0,1,0,52300000
1006,1135.0,14366.0,0.0,1.0,0.0,0.0,0.0,1.0,0.0,0.0,0,1,0,25000000
1007,2000.0,14776.0,0.0,0.0,1.0,0.0,0.0,0.0,1.0,0.0,0,0,0,39700000
1008,1135.0,22222.0,0.0,1.0,0.0,0.0,0.0,1.0,0.0,0.0,0,1,0,25000000
1009,1775.0,14366.0,0.0,1.0,0.0,0.0,0.0,1.0,0.0,0.0,0,0,0,25500000
1010,1912.0,14382.0,0.0,1.0,0.0,0.0,0.0,1.0,0.0,0.0,0,0,0,27500000
1011,987.0,14366.0,1.0,0.0,0.0,0.0,1.0,0.0,0.0,0.0,1,0,0,17000000
1012,2200.0,13324.0,0.0,1.0,0.0,0.0,0.0,1.0,0.0,0.0,1,0,0,43100000
1013,1252.0,14776.0,1.0,0.0,0.0,0.0,1.0,0.0,0.0,0.0,0,0,0,18500000
1014,1200.0,13324.0,0.0,1.0,0.0,0.0,1.0,0.0,0.0,0.0,0,1,0,20900000
1015,1135.0,13324.0,0.0,1.0,0.0,0.0,0.0,1.0,0.0,0.0,0,1,0,24500000
1016,1017.0,14776.0,0.0,1.0,0.0,0.0,0.0,1.0,0.0,0.0,1,0,0,22000000
1017,1501.0,13324.0,0.0,1.0,0.0,0.0,1.0,0.0,0.0,0.0,0,1,0,20000000
1018,1050.0,3524.0,0.0,1.0,0.0,0.0,1.0,0.0,0.0,0.0,1,0,0,3700000
1019,1900.0,7500.0,0.0,1.0,0.0,0.0,0.0,1.0,0.0,0.0,0,0,0,55300000
1020,2306.0,24718.0,0.0,1.0,0.0,0.0,0.0,1.0,0.0,0.0,0,0,0,57000000
1021,620.0,6111.0,1.0,0.0,0.0,0.0,1.0,0.0,0.0,0.0,1,0,1,3100000
1022,1000.0,6111.0,0.0,1.0,0.0,0.0,1.0,0.0,0.0,0.0,1,0,1,6200000
1023,540.0,6584.0,1.0,0.0,0.0,0.0,1.0,0.0,0.0,0.0,1,0,1,2500000
1024,360.0,6584.0,0.0,0.0,0.0,0.0,0.0,0.0,0.0,0.0,1,0,1,2000000
1025,540.0,4907.407407407408,1.0,0.0,0.0,0.0,1.0,0.0,0.0,0.0,1,0,1,2650000
1026,675.0,5794.0,1.0,0.0,0.0,0.0,0.0,0.0,0.0,0.0,1,1,1,2900000
1027,780.0,6111.0,0.0,1.0,0.0,0.0,1.0,0.0,0.0,0.0,1,0,1,4000000
1028,360.0,6111.0,0.0,0.0,0.0,0.0,0.0,0.0,0.0,0.0,1,0,1,1700000
1029,585.0,5794.0,1.0,0.0,0.0,0.0,1.0,0.0,0.0,0.0,1,1,1,3200000
1030,950.0,4600.0,0.0,1.0,0.0,0.0,1.0,0.0,0.0,0.0,1,0,0,4370000
1031,450.0,6111.0,1.0,0.0,0.0,0.0,0.0,0.0,0.0,0.0,1,0,1,1850000
1032,550.0,6584.0,1.0,0.0,0.0,0.0,1.0,0.0,0.0,0.0,1,0,1,1900000
1033,495.0,6111.0,1.0,0.0,0.0,0.0,1.0,0.0,0.0,0.0,1,0,1,2150000
1034,540.0,6111.0,1.0,0.0,0.0,0.0,1.0,0.0,0.0,0.0,1,0,1,2600000
1035,550.0,5794.0,1.0,0.0,0.0,0.0,0.0,0.0,0.0,0.0,1,0,1,2000000
1036,550.0,5794.0,1.0,0.0,0.0,0.0,1.0,0.0,0.0,0.0,1,0,1,2600000
1037,1400.0,17857.14285714286,0.0,1.0,0.0,0.0,1.0,0.0,0.0,0.0,1,0,0,25000000
1038,1100.0,30556.0,1.0,0.0,0.0,0.0,1.0,0.0,0.0,0.0,1,1,0,15000000
1039,900.0,14358.0,0.0,1.0,0.0,0.0,0.0,1.0,0.0,0.0,1,1,1,20000000
1040,1100.0,21818.0,1.0,0.0,0.0,0.0,1.0,0.0,0.0,0.0,1,1,0,16500000
1041,1700.0,21818.0,0.0,1.0,0.0,0.0,1.0,0.0,0.0,0.0,1,1,1,31000000
1042,1100.0,15500.0,1.0,0.0,0.0,0.0,1.0,0.0,0.0,0.0,1,1,0,15500000
1043,600.0,13333.333333333334,0.0,0.0,0.0,0.0,0.0,0.0,0.0,0.0,1,0,0,8000000
1044,1100.0,13636.363636363636,1.0,0.0,0.0,0.0,1.0,0.0,0.0,0.0,1,1,0,15000000
1045,1200.0,20833.0,0.0,1.0,0.0,0.0,1.0,0.0,0.0,0.0,1,1,0,25000000
1046,2000.0,14358.0,0.0,0.0,1.0,0.0,1.0,0.0,0.0,0.0,1,0,0,40000000
1047,1750.0,20833.0,0.0,0.0,1.0,0.0,0.0,0.0,1.0,0.0,1,0,0,29000000
1048,1750.0,6667.0,0.0,0.0,1.0,0.0,0.0,0.0,1.0,0.0,1,0,0,29000000
1049,1100.0,21818.0,1.0,0.0,0.0,0.0,1.0,0.0,0.0,0.0,1,1,0,24000000
1050,550.0,20833.0,0.0,0.0,0.0,0.0,1.0,0.0,0.0,0.0,1,1,0,7500000
1051,1800.0,30556.0,0.0,0.0,1.0,0.0,0.0,1.0,0.0,0.0,1,1,1,55000000
1052,900.0,8888.888888888889,1.0,0.0,0.0,0.0,1.0,0.0,0.0,0.0,1,1,0,8000000
1053,1100.0,9090.90909090909,1.0,0.0,0.0,0.0,1.0,0.0,0.0,0.0,1,1,0,10000000
1054,1100.0,9655.0,1.0,0.0,0.0,0.0,1.0,0.0,0.0,0.0,1,1,0,7200000
1055,1460.0,9655.0,0.0,1.0,0.0,0.0,0.0,1.0,0.0,0.0,1,1,0,12000000
1056,780.0,9655.0,1.0,0.0,0.0,0.0,1.0,0.0,0.0,0.0,1,1,0,7500000
1057,975.0,12307.692307692309,0.0,1.0,0.0,0.0,1.0,0.0,0.0,0.0,1,1,0,12000000
1058,1150.0,9655.0,0.0,1.0,0.0,0.0,0.0,1.0,0.0,0.0,1,1,0,12000000
1059,1459.0,9732.693625771077,0.0,1.0,0.0,0.0,0.0,1.0,0.0,0.0,1,1,0,14200000
1060,1300.0,7076.923076923077,0.0,1.0,0.0,0.0,0.0,1.0,0.0,0.0,1,1,0,9200000
1061,950.0,8526.315789473685,1.0,0.0,0.0,0.0,1.0,0.0,0.0,0.0,1,1,0,8100000
1062,1050.0,8571.42857142857,1.0,0.0,0.0,0.0,1.0,0.0,0.0,0.0,1,1,0,9000000
1063,1500.0,8000.0,0.0,1.0,0.0,0.0,0.0,1.0,0.0,0.0,1,1,0,12000000
1064,360.0,42222.0,1.0,0.0,0.0,0.0,0.0,0.0,0.0,0.0,1,0,0,2200000
1065,900.0,6154.0,0.0,1.0,0.0,0.0,1.0,0.0,0.0,0.0,1,1,1,4500000
1066,1000.0,22000.0,0.0,1.0,0.0,0.0,0.0,1.0,0.0,0.0,1,0,1,22000000
1067,1143.0,22000.0,0.0,1.0,0.0,0.0,0.0,1.0,0.0,0.0,1,0,1,22000000
1068,1150.0,22000.0,0.0,1.0,0.0,0.0,0.0,1.0,0.0,0.0,1,0,1,24000000
1069,1100.0,22000.0,0.0,1.0,0.0,0.0,0.0,1.0,0.0,0.0,1,0,1,22500000
1070,1080.0,20833.333333333332,0.0,1.0,0.0,0.0,1.0,0.0,0.0,0.0,1,0,1,22500000
1071,900.0,7000.0,1.0,0.0,0.0,0.0,1.0,0.0,0.0,0.0,1,1,1,6300000
1072,750.0,9259.0,1.0,0.0,0.0,0.0,1.0,0.0,0.0,0.0,1,0,1,11500000
1073,1000.0,4620.0,0.0,1.0,0.0,0.0,1.0,0.0,0.0,0.0,1,0,0,4620000
1074,1017.0,6526.0,1.0,0.0,0.0,0.0,1.0,0.0,0.0,0.0,1,0,1,6500000
1075,1300.0,11538.0,1.0,0.0,0.0,0.0,1.0,0.0,0.0,0.0,1,1,0,15000000
1076,675.0,35714.0,0.0,0.0,1.0,0.0,1.0,0.0,0.0,0.0,1,1,1,18500000
1077,810.0,7407.407407407408,0.0,1.0,0.0,0.0,1.0,0.0,0.0,0.0,1,1,1,6000000
1078,750.0,8533.333333333334,0.0,0.0,0.0,0.0,1.0,0.0,0.0,0.0,1,1,1,6400000
1079,1500.0,20000.0,0.0,0.0,0.0,1.0,0.0,1.0,0.0,0.0,1,1,1,30000000
1080,2430.0,10288.0,0.0,0.0,1.0,0.0,0.0,1.0,0.0,0.0,1,1,1,25000000
1081,1512.0,14550.0,1.0,0.0,0.0,0.0,1.0,0.0,0.0,0.0,1,1,1,22000000
1082,850.0,6706.0,0.0,1.0,0.0,0.0,1.0,0.0,0.0,0.0,1,1,1,5700000
1083,2475.0,28283.0,0.0,1.0,0.0,0.0,0.0,1.0,0.0,0.0,1,1,1,70000000
1084,2250.0,8222.0,0.0,1.0,0.0,0.0,1.0,0.0,0.0,0.0,1,1,1,18500000
1085,810.0,6526.0,0.0,1.0,0.0,0.0,1.0,0.0,0.0,0.0,1,1,1,6000000
1086,720.0,12500.0,0.0,0.0,1.0,0.0,1.0,0.0,0.0,0.0,1,1,1,9000000
1087,70.0,5357.0,0.0,0.0,0.0,0.0,1.0,0.0,0.0,0.0,1,1,0,4500000
1088,630.0,35714.0,0.0,1.0,0.0,0.0,1.0,0.0,0.0,0.0,1,1,1,22500000
1089,504.0,5357.0,1.0,0.0,0.0,0.0,0.0,0.0,0.0,0.0,1,1,1,2700000
1090,900.0,7222.0,1.0,0.0,0.0,0.0,1.0,0.0,0.0,0.0,1,1,0,6500000
1091,360.0,6944.0,0.0,0.0,0.0,0.0,0.0,0.0,0.0,0.0,1,1,1,2500000
1092,675.0,22857.0,0.0,0.0,1.0,0.0,0.0,1.0,0.0,0.0,1,1,1,16000000
1093,2160.0,30093.0,0.0,1.0,0.0,0.0,0.0,1.0,0.0,0.0,1,1,1,65000000
1094,713.0,4444.0,1.0,0.0,0.0,0.0,1.0,0.0,0.0,0.0,1,0,1,6000000
1095,1125.0,4444.0,1.0,0.0,0.0,0.0,1.0,0.0,0.0,0.0,1,1,1,5000000
1096,376.7365,85715.0,0.0,0.0,0.0,0.0,0.0,0.0,0.0,0.0,1,0,0,3000000
1097,720.0,5556.0,1.0,0.0,0.0,0.0,0.0,0.0,0.0,0.0,1,1,1,4000000
1098,540.0,5000.0,1.0,0.0,0.0,0.0,0.0,0.0,0.0,0.0,1,0,0,2700000
1099,747.0,8701.0,1.0,0.0,0.0,0.0,1.0,0.0,0.0,0.0,1,1,1,6500000
1100,713.0,11220.0,0.0,1.0,0.0,0.0,0.0,0.0,0.0,0.0,1,1,0,8000000
1101,700.0,22857.0,1.0,0.0,0.0,0.0,0.0,0.0,0.0,0.0,1,0,1,16000000
1102,540.0,2778.0,1.0,0.0,0.0,0.0,0.0,0.0,0.0,0.0,1,1,1,1500000
1103,400.0,14550.0,1.0,0.0,0.0,0.0,1.0,0.0,0.0,0.0,1,1,1,9000000
